1.9112215145977012,0.008985016634414556,romaine lettuce
1.6697648815776107,-3.031114962072343,black olives
2.591252081376915,-4.452798590513826,grape tomatoes
180.41879317895192,76.68473412117962,garlic
91.12543097305993,-15.405234285411204,pepper
36.60079928859439,-12.845997781816585,purple onion
1.0946281930819612,2.336448083543198,seasoning
3.7142898087432425,-1.65342236236382,garbanzo beans
3.1429901671359977,-4.447596504140085,feta cheese crumbles
-0.03869929737580475,-0.14297403654689483,plain flour
6.017041580848854,-1.4013481323186487,ground pepper
360.0636449604562,-79.28188304183911,salt
48.05675451398834,-9.693687974919802,tomatoes
107.49040402270289,-28.785689126182117,ground black pepper
10.165342224558879,-3.1914705541225232,thyme
55.74230638430055,-8.616932520154759,eggs
-1.8171624551464962,-1.8667537590938217,green tomatoes
1.954055478714535,-6.689905039050753,yellow corn meal
26.259023343335702,-16.8993138400432,milk
61.242401094182355,34.46847253824666,vegetable oil
6.054561377440399,-3.0842715792923348,mayonaise
5.491734188425693,5.204359706467611,cooking oil
11.910466380312679,4.5207881539343004,green chilies
-4.086869282717776,-0.5078633447541288,grilled chicken breasts
23.08618148625162,-2.9325287496194004,garlic powder
27.571708801414438,6.470623236803107,yellow onion
55.26539681498663,87.34903970672777,soy sauce
83.9569854650869,-41.080440323669926,butter
-0.5881804892135091,-2.3774489744621707,chicken livers
138.52986829066148,75.33871666671429,water
-3.4069992708993957,1.6220886593771309,wheat
60.96196379994375,-10.841917665768232,black pepper
19.781245317821263,3.798615325899852,shallots
-1.7827461356607592,0.13304400185395088,cornflour
27.913948877731265,-2.2479691774455315,cayenne pepper
170.76210516512987,35.61931439660937,onions
3.8465207697239747,2.4418719153361406,garlic paste
33.986139023565094,-0.5803290424964828,lemon juice
41.00106713259203,5.782498701570048,chili powder
-2.777589688360097,-1.6508414781438958,passata
32.689469647991636,16.33195693200226,oil
50.83669155993612,-4.397127036200465,ground cumin
3.211455832777672,3.3745444759526695,boneless chicken skinless thigh
13.29377673104676,-0.5576602371652372,garam masala
-2.862314067449842,-1.4865401765490693,double cream
-3.6256817823561835,-0.44637606361364945,natural yogurt
16.71998001998516,0.408960834422813,bay leaf
101.38419494896701,44.87888014689458,sugar
6.98681436574223,6.796745280431382,fresh ginger root
24.685831133616702,-17.961064347984287,ground cinnamon
9.918878096660308,-10.97553061701175,vanilla extract
6.9039457508804505,5.120930773466322,ground ginger
1.025075198915992,-3.733629816570734,powdered sugar
22.171270094714576,-22.073069326778064,baking powder
165.56376435816352,-78.68189005293019,olive oil
8.419647490581662,4.7719828564785285,medium shrimp
18.808571600925532,-0.8616978911401655,chopped cilantro
31.741799281407076,1.303304791128982,jalapeno chilies
18.606212823488004,-11.862196198278701,flat leaf parsley
-3.9918893901873944,-0.5356331394034083,skirt steak
9.857951197418341,11.530212967063427,white vinegar
16.57978514246185,4.155474282489895,sea salt
0.2062644179629462,-0.4611478029173671,chorizo sausage
-3.082987808003334,-1.7182457283134673,pistachio nuts
-4.220119061833332,-0.9869831002408643,white almond bark
23.88837803365733,-5.12092699306782,flour
-1.867756672633402,-2.0018223116927825,almond extract
-3.841345687708069,-1.2764506325012621,dried cranberries
-3.2281622732236235,-0.033732286306321725,fresh pineapple
3.374382746321623,5.116527044429236,pork
-0.8559582624044559,-0.890552526328387,poblano peppers
10.932201940269502,2.5300756495561525,corn tortillas
1.8448816166310884,0.14169419124962998,cheddar cheese
-1.7449080543741344,-2.5107050296409064,iceberg lettuce
25.79032720095652,13.184098881147975,lime
25.831921063689457,4.622361097497493,chopped cilantro fresh
-1.3682490306994604,-0.5290628857907507,chopped tomatoes
8.326914517841123,-6.591813144460179,fresh basil
38.45863925264282,-17.081404058766616,extra-virgin olive oil
54.008068554416504,3.0092082482240934,kosher salt
-3.6224759501940462,-0.9517100342803555,pimentos
-1.6969669152876474,-3.027742712660285,sweet pepper
26.557523647850402,-4.1910204833036815,dried oregano
-2.1381463479534384,-2.2572254726383303,sharp cheddar cheese
-3.6224759501940462,-0.9517100342803555,swiss cheese
-1.055443883388875,-3.813728348097941,provolone cheese
29.36922809400541,16.051335000657577,canola oil
12.096066860596785,-4.460166824816829,mushrooms
-0.7898614091273103,0.30518394938348686,sausages
5.877209962703501,13.294880566611097,low sodium soy sauce
26.02784574471795,33.913279185456084,fresh ginger
-0.17921121517857772,-0.5871792339872612,dry mustard
4.02910883434221,4.778394315014812,green beans
-0.9870190654683335,4.33676337118698,white pepper
35.403286533039974,63.774550225769836,sesame oil
23.98871616013013,34.67935101971466,scallions
0.35528595948141833,8.127604056531297,Shaoxing wine
-1.3432717678029695,4.722027434990944,ground turkey
6.141435224332392,7.58368711456163,crushed red pepper flakes
34.9187189695161,46.322741333938914,corn starch
-2.676418328690684,-1.2225650541499469,Italian parsley leaves
-3.6529598578238285,-1.0375749861984567,walnuts
0.799253714669529,3.1229244129126545,hot red pepper flakes
28.973860008704975,-15.92335819828499,fresh lemon juice
-3.137468342339884,-1.6072254920100166,trout fillet
102.80009589140636,-4.936640863850974,garlic cloves
0.6574183199387958,-3.0610223011956816,chipotle chile
3.2656330677087064,-1.1097428979428625,fine sea salt
12.17883904959272,2.9421890718457497,fresh cilantro
11.512935010139298,-1.184133037054529,ground coriander
8.516024908034883,-8.986473360738096,plum tomatoes
27.9623372422686,12.178062096818456,avocado
15.2407652685887,11.52866406729001,lime juice
0.07108987567485058,2.6152447273179704,flank steak
3.673844581110387,-6.7267253336316495,fresh parmesan cheese
62.73956401418378,-51.438533812703454,all-purpose flour
5.315180514255095,-10.244426793362315,fat free less sodium chicken broth
2.5531552904738164,-7.988393288451839,chopped fresh chives
-1.6733240371508262,-3.826635006124334,gruyere cheese
2.689473585947946,-7.254647896679477,bacon slices
-2.640679469909119,-2.8716342584729833,gnocchi
-2.662556473608612,-3.2699931826024002,fat free milk
24.892532353351204,-16.266852446928045,cooking spray
11.139364384124194,2.6952225693905225,tumeric
0.4581997777291688,2.0494069003595246,vegetable stock
-3.5593286235414894,-0.3735368823613232,naan
-2.3424371902209007,0.39969872983225624,red lentils
10.080196874343146,12.670338596649705,red chili peppers
3.7066509518343955,0.8950477394716094,spinach
3.432939472868859,0.9349124419319541,sweet potatoes
-0.29349534129717253,-2.6126884481217085,greek yogurt
-4.668112140489846,-0.6206227923069979,lemon curd
0.6545420135015404,-5.071766588006305,confectioners sugar
-3.5604661832243254,-1.4929125377318202,raspberries
2.7939433310539523,-6.045853272096591,italian seasoning
-4.694049218691356,-0.5989221209803267,broiler-fryer chicken
-4.694049218691356,-0.5989221209803267,zesty italian dressing
-4.528525799758614,0.28581254167045106,hot chili
-4.528525799758614,0.28581254167045106,asian fish sauce
45.20518792585539,12.98098434374794,red bell pepper
38.5387015272965,15.004787305994531,chicken broth
-2.196093459335692,0.3357175214647726,yellow squash
-1.3170909314569303,3.568730161450614,garlic chili sauce
10.017091532148417,-0.8942359740025616,sliced green onions
-3.0140582769727002,0.10744749211837093,broccolini
19.489205995105532,10.211563858232061,fresh lime juice
2.057640467445787,1.3409806606291228,cooked rice
12.748146475401228,3.4706414700640003,chicken breasts
-3.380552423834758,1.335867984291195,pork loin
-1.2461789192430923,5.449031895366763,roasted peanuts
11.637111429378825,23.575143736672956,hoisin sauce
-2.078230333999702,4.3265142880228264,creamy peanut butter
0.5349682865764552,-2.4260955189849773,chopped fresh mint
-0.2542667376080101,5.7887478554402785,thai basil
1.445142220574286,2.257591065244582,rice
-2.719613428473215,3.8457419765039944,rice noodles
7.171951943074485,20.23042197893908,beansprouts
-0.5616158224038158,0.16447687650956835,roma tomatoes
-4.05732411116424,-1.1247043780664912,low-fat mayonnaise
-0.1726909522313299,-2.5596675635055908,baking potatoes
-3.097776650324649,-2.206622951240191,spicy brown mustard
10.82713398412463,16.751883788563187,sesame seeds
6.075225181694429,5.21786423933829,red pepper
-3.917102350180259,1.3867928638736609,yellow peppers
-1.163463730983713,3.894704438050736,extra firm tofu
-2.969109016143735,0.954619729240251,broccoli
-2.4949094240910994,1.9553234697603963,orange bell pepper
-1.9637707725268214,2.0970607851559655,arrowroot powder
-3.486259364429931,1.9342291764443438,red curry paste
2.1549498650174552,-3.58908398855611,marinara sauce
1.531105901951482,-2.631710519660176,linguine
9.939654875151607,-9.71634228571124,capers
-1.2548117074854823,-1.33587246855642,olives
-0.6885255520361266,4.039661743234296,lemon zest
-2.727250331694094,2.138650186844999,lo mein noodles
0.33571743989585706,5.902059655135706,light soy sauce
-3.675804865171763,0.7216610008065417,dried black mushrooms
1.4700497400911587,0.487302105900738,chives
8.058637520690601,21.636849529923325,oyster sauce
-0.8178389253800805,2.118867010576803,dark soy sauce
3.3101263719649614,13.201360208738024,peanuts
0.8158806802604727,4.3867892421888,cabbage
-1.4264136131838387,0.9263622037237476,herbs
-1.3206044817716551,-0.7045663333560428,fresh tomatoes
24.32032618113412,-3.360904959947838,paprika
-2.574221076475218,-0.173880463020442,mango
-0.8223683285752017,2.2586078864377073,stock
0.5644322559255542,2.578989673680296,chile pepper
0.33410342165649715,-2.135631363840307,sliced mushrooms
-2.8490585011432676,-1.1356265413647137,sherry
31.897679100880925,-27.683822561025774,grated parmesan cheese
11.913482098119804,-4.145418124689894,heavy cream
2.1737049521638787,-5.614728225704832,spaghetti
2.1075701858348324,-0.7706109470799829,cooked chicken
20.837227591504504,5.128363880016721,green bell pepper
-2.3119391564092293,3.6429246940299085,egg roll wrappers
-3.916527195461138,1.166896150819756,sweet and sour sauce
-1.5812346484672404,0.277498588810896,molasses
-2.0770909110057603,2.5387893446487126,shredded cabbage
9.883344842054047,15.007046599544863,ground pork
53.64443738563588,43.173271028951646,carrots
14.064447232804385,2.8130122507842703,flour tortillas
-0.238385223420448,-2.568888717043207,cheese
-3.875433419238164,-1.5287483881358352,breakfast sausages
40.23478269592317,-32.18785765642182,large eggs
6.507665825379643,-3.616276123496469,boiling water
11.4794758116575,-0.9078898657279022,hot sauce
14.169148621781808,-0.2857845812118329,potatoes
2.5351967107107183,-0.5110393566075795,bacon
26.957620402758774,-20.501611241599857,fresh parsley
1.6827074712514873,-1.0432603183584963,andouille sausage
2.6437232428911344,0.858807108722636,cajun seasoning
9.999976582089518,6.863906313498258,peanut oil
16.229967099977245,6.000696551607214,celery
5.029851466354388,-0.7218140695997649,ground red pepper
16.131823905020752,12.409074222985934,shrimp
9.552443902015757,-0.5106575452273572,onion powder
-0.9691847921984995,5.592724214614875,firm tofu
-0.8987811619011631,1.9744526539799798,turnips
-2.7801300229165853,3.330210836548267,palm sugar
-3.660612467822071,1.2207762535842972,sliced chicken
22.732334020626784,38.80588982475989,fish sauce
11.484983203138425,4.379609868479846,lime wedges
-3.660612467822071,1.2207762535842972,green papaya
-0.7215220850628832,2.3723906445899154,chile powder
-3.660612467822071,1.2207762535842972,tamarind paste
-3.660612467822071,1.2207762535842972,chinese chives
-0.7212746323740803,-1.0505164492896688,crushed garlic
58.28457634531206,56.35848277908777,green onions
8.594989662714362,1.5931992017607275,white sugar
7.711268351530951,-3.7361283233714198,dried basil
32.68097034981615,-7.665274836506673,diced tomatoes
-4.211836824264659,-0.7511885685447285,Johnsonville Andouille Dinner Sausage
6.289547660395085,1.3844918727383577,parsley
-4.211836824264659,-0.7511885685447285,jambalaya rice mix
17.018337881225076,5.66722562617308,worcestershire sauce
5.066566721264181,-3.5537988792025295,hot pepper sauce
4.339307966865383,-2.484052829015991,creole seasoning
-3.876195768592343,-1.116616621507318,bread slices
-2.36255947559711,-1.487468701297592,great northern beans
-2.3470128516512356,-2.067910746873629,sage leaves
0.9886428893456662,3.849720918601868,chinese five-spice powder
-0.02420906710904226,-0.18095883668200316,chicken thighs
0.18803772495517676,5.186532114961722,star anise
5.286528162258201,-6.181509870983153,cream cheese
5.495191565053146,-1.7914835799344206,shredded cheddar cheese
-1.1890891281588531,0.10480179285294063,black-eyed peas
-0.46346345801647,-0.1268494541730993,tortilla chips
-1.4303812715629942,-0.40232575716584296,collard greens
-3.6343537794376646,-0.6706577327409595,ham hock
18.19253889713677,5.083883727451999,chicken stock
-2.856671850780448,-1.3004490493876246,apple cider
14.073782855456038,-5.236619749440098,freshly ground pepper
22.438107665747726,0.6572257470018501,bay leaves
-2.805662266002602,-1.0329474289816256,rib
-1.34102235904356,-1.5840588209504456,light brown sugar
11.360700783762214,-11.928856651009363,large garlic cloves
-4.511259287471011,-1.2776350123422806,Oscar Mayer Deli Fresh Smoked Ham
-4.511259287471011,-1.2776350123422806,hoagie rolls
-4.042830650340632,-1.4589077606451377,salami
-4.511259287471011,-1.2776350123422806,giardiniera
2.408916267205096,-5.505543329344653,mozzarella cheese
-4.511259287471011,-1.2776350123422806,pepperoni
-3.0939464133153005,-0.9315781653709319,ice cubes
-3.766040312952409,-0.6246986545843435,club soda
-4.405787987772424,-0.375084412097345,white rum
-2.952781405394698,-0.15481447483940605,turbinado
1.2623234168667539,2.7092473696790424,enchilada sauce
-3.481617509267728,-0.07950440828951799,picante sauce
-1.210160311002391,0.6166461333532801,green pepper
-2.7967055790068076,-0.17988047252366715,canned black beans
0.021361709716184753,0.2970517712050059,shredded lettuce
25.85395033919661,-1.8646606759499174,sour cream
-2.95981413852967,-0.41767996819159525,salmon fillets
7.890275269248021,1.6680203021242563,cumin seed
12.423380321489063,5.938222379597098,curry powder
2.3227653844262615,1.1845298231661534,serrano chile
3.7661349401564634,6.376189598788627,sauce
-1.8249664695592243,-2.8577482644667915,chicken breast halves
3.521017686199032,5.732514640628969,lettuce leaves
21.566329130640472,-8.96192353762426,chopped onion
-4.211334257627076,0.538590729308274,mandarin oranges
-2.7162663638561204,-0.19010685040155917,orange liqueur
-4.211334257627076,0.538590729308274,yellow cake mix
-4.211334257627076,0.538590729308274,frosting
-2.194044592914434,-1.1730562309951549,fennel bulb
-3.6666776309845517,-0.19667117280823335,lemon olive oil
-3.6666776309845517,-0.19667117280823335,grapefruit juice
-4.0676827784733245,-0.4863565684550941,white cornmeal
-4.3519570206296025,-0.32330366319399895,bacon drippings
14.021448323607057,-9.13964671800905,buttermilk
-4.027416401155655,-0.7840167755749398,crab boil
-0.3892721998779134,-3.6503996965144774,old bay seasoning
-3.497209037159549,-0.8571026423004051,crawfish
-3.1051497505272816,2.9265920635516345,sirloin
4.3836784352021025,12.375257123687568,mirin
-2.524089230409977,2.2075015388015804,corn oil
-3.338429949520774,3.0504787071341712,glass noodles
2.4232595924378066,11.268138450047644,sake
5.026483728318206,14.774219510978227,shiitake
-0.16638302926324364,7.2426106589689665,napa cabbage
6.353047431908773,-7.787409123614717,whipping cream
-2.2213232639482037,-1.2088699871857955,extra sharp cheddar cheese
-3.6142152253540343,-0.37088784251168583,quickcooking grits
1.127161583053836,-1.7250231285472588,monterey jack
9.497765071811934,-1.4739517726047848,crushed red pepper
-3.6104990992533184,-1.633433304093109,mussels
3.4994504226393266,2.6371359025995433,basil
21.39612229815314,-18.950495670089165,dry white wine
2.1598417296760073,-4.961213725776185,finely chopped onion
6.885036362648342,-6.839111460029921,baking soda
25.917094298530802,9.733091034313723,honey
40.994109037492294,-32.60859681082123,unsalted butter
20.725621301571458,-2.354642524174488,lemon
-3.8474815328753063,-1.0057055507501798,pesto
4.9032995423412835,-1.0092599046922452,white wine
-0.31369595486330915,-0.4987448866822698,bread crumbs
-3.4337984890653677,-0.3810866763263492,curry
-3.4337984890653677,-0.3810866763263492,low sodium beef broth
-3.4337984890653677,-0.3810866763263492,pickapeppa sauce
4.011305260941336,3.699421174817322,cold water
-2.175432188196794,0.615427532717684,allspice
4.08014481516663,0.39912051322538317,fresh thyme
10.252140995222968,-0.8568529557272679,ground beef
2.7957909908515104,-7.875094372443441,melted butter
-4.187038402870134,-1.2177639558086886,matcha green tea powder
-3.215008290580282,-1.9707424250295813,chopped walnuts
5.311368082454523,-2.2716541074460004,coarse salt
-1.339345288172074,0.7804439301712917,fenugreek
-1.8663965172695165,-0.24087139285352985,urad dal
6.126629255708775,0.4651116069863271,white rice
-3.9152396241243426,-0.8195065851513076,pizza crust
2.0298271659368887,-5.7518228074211395,part-skim mozzarella cheese
-1.146585711681236,-2.0440944008053035,yukon gold potatoes
-2.1372068421490154,-2.6087802732710763,low-fat sour cream
1.3482385584575485,-2.992311995566754,leeks
-2.551083570395711,-2.8454362168407004,1% low-fat milk
4.897878135308813,11.686107497284237,lemongrass
-3.594313187680372,1.045740320986005,unsweetened coconut milk
-4.215259902409177,0.5042289388546313,peanut sauce
-4.215259902409177,0.5042289388546313,spareribs
-4.215259902409177,0.5042289388546313,tamari soy sauce
0.8346035705074955,-4.079743700584287,golden brown sugar
2.1621541380236358,4.623215866471464,dry sherry
-1.4989328377754088,-0.05469567981569583,chicken legs
3.1134665416622815,1.283524918720393,ghee
19.895058964211703,-8.900571827638155,tomato paste
13.732036869343451,4.169995968632345,ground turmeric
4.304886532513266,-1.7546696998670583,cracked black pepper
-3.4477565856731216,0.049285722302873126,minced beef
16.896108695904495,-3.794641579911162,dried thyme
27.14911935039349,31.97757168547953,ginger
-0.04867301549889661,2.311346163633999,chillies
2.9861350312025117,-4.162946895413557,crushed tomatoes
4.421931545020089,-7.949449248681042,fresh rosemary
-2.939706264121696,1.8632280929584333,boneless pork loin
-4.161100528356293,-0.38554316723738535,pappardelle
12.68428961711808,14.382960911884668,coconut milk
5.627103344860943,-5.318038310024276,eggplant
-2.113777998517704,3.4510714572810723,jasmine rice
0.24506244452760814,7.345625456341797,Gochujang base
-3.664901404014173,3.526494439479211,top round steak
18.889222013415093,39.74842359950471,rice vinegar
-4.0249365420152365,2.0347818940365627,Taiwanese bok choy
1.4850216644710417,-4.523008620285007,vanilla
-0.250780036954262,-4.207662382151786,large egg yolks
-4.584704463922311,-0.94625217583584,orange juice concentrate
-3.8467921188234655,-1.1346419208983303,pumpkin pure
-4.584704463922311,-0.94625217583584,marshmallow creme
-4.584704463922311,-0.94625217583584,toasted pecans
-2.9011776487576713,-1.5220812126908096,maple syrup
-4.584704463922311,-0.94625217583584,gingersnap
10.33063382213018,-6.998685400561497,ground nutmeg
20.81775828436273,21.123524500977233,brown sugar
-4.4538011912496245,-1.5258067554082275,serrano ham
-4.4538011912496245,-1.5258067554082275,manchego cheese
2.660979633353344,-4.86978456502211,dijon mustard
-4.4538011912496245,-1.5258067554082275,sourdough
-4.4538011912496245,-1.5258067554082275,membrillo
-3.188174636128616,-0.21406662246964958,burger buns
-0.06080734381118385,-0.334377245410652,panko breadcrumbs
-1.3072597063318023,-1.4020918039300467,chickpea flour
4.943755616615226,10.924664491238953,Sriracha
2.1401950315818903,-0.9759050862302251,chickpeas
-3.188174636128616,-0.21406662246964958,ground flaxseed
-1.5724584262760986,-1.1009548028101166,greens
-0.07960145848945349,-0.006039164837024314,tahini
2.9669243987118303,-2.390912969268667,ground cloves
-4.306480569273404,-0.5510668248572643,whole nutmegs
-0.9766139887921838,-0.3790499267069351,ground cardamom
-2.409482018681087,-2.3738172917727893,Italian bread
9.384380100656923,-8.358214502947934,balsamic vinegar
-1.9068435024542245,-2.3160014402016693,sausage casings
0.6796548586244079,-3.213203108938418,shredded mozzarella cheese
0.36800892396411644,-3.874727828496434,roasted red peppers
-0.8708904117499785,-2.5939299779589544,penne pasta
-1.131525677646023,-1.7950554326362287,saffron
10.733720061457719,0.044356468676040435,warm water
-3.4082647273808204,-0.7053640360180817,preserved lemon
-1.2229777501801504,-1.9436961308975491,harissa
1.6389066985822347,-3.5615012762496963,couscous
3.7920723280434685,-0.43908116213334264,cayenne
-0.259548816333926,-2.438996335774231,fat skimmed chicken broth
0.417180509449111,-3.5973765193329825,pitted kalamata olives
0.7724805093093887,0.9639855032184033,fat
-3.5451861344536457,-1.062379382368918,sweetened condensed milk
-3.9492156529093205,-0.18215730416741666,ice
-4.760520157716296,-0.41466060070875943,espresso
-4.475627478962767,1.1099731121106937,fresh asparagus
-3.0668600264757346,-1.8385559785102272,pecans
-1.180991813752893,-3.7974511056131277,crumbled blue cheese
-2.220479519900499,-1.9406445801328063,chuck
-2.25418821489922,-2.66272157934471,hamburger buns
-2.575277781377715,-2.2194026198057877,okra pods
2.2434697195133455,-5.020649323190821,watercress
-2.166570564513426,-1.5358941344714632,self rising flour
-4.351918711832897,-0.7285677031625898,softened butter
-4.060886273632171,-1.0075784692132843,food colouring
-2.8611303420852927,-3.3977849231114914,Madeira
-3.595989259567062,-2.0092416125620787,foie gras
-3.595989259567062,-2.0092416125620787,demi-glace
-1.5719150252373166,-2.979765664773603,sherry vinegar
3.532217559242251,-6.83601799375439,white bread
-3.595989259567062,-2.0092416125620787,Fuyu persimmons
-3.595989259567062,-2.0092416125620787,egg bread
-3.127042218312969,-0.08890145063014167,fenugreek leaves
-3.127042218312969,-0.08890145063014167,black mustard seeds
-2.039820115748326,0.20353164835796897,amchur
6.26919491949437,4.029649519720507,coriander
-3.127042218312969,-0.08890145063014167,fingerling potatoes
-3.127042218312969,-0.08890145063014167,ramps
10.23437506376535,2.215692113910467,black peppercorns
10.527651462118367,5.324071033294018,cinnamon sticks
-1.067760071490493,0.1316290903244951,cardamom pods
3.506484593054166,1.0231409809531895,coriander seeds
-4.147010229111323,-0.4821477233669441,asiago
-2.919439215994218,-0.18803403862179494,whole wheat pasta
2.5396224543742107,-1.7239984614610246,sweet onion
-4.3763921653252735,-1.24328853180982,chestnuts
7.4115644861693175,2.104420138218227,granulated sugar
-3.224296946303983,-2.6539378000716614,whole milk ricotta cheese
-4.3763921653252735,-1.24328853180982,coffee ice cream
-0.9251328269614685,-2.2413321811874454,mascarpone
-4.3763921653252735,-1.24328853180982,rum
-3.8783654496593543,-1.65285359467456,semisweet chocolate
-4.3763921653252735,-1.24328853180982,chestnut flour
-1.3324607942542501,-2.905760870066314,baby spinach leaves
1.1745985656898452,2.156636291107146,chopped garlic
3.0885124478463175,-0.0960462184900267,large shrimp
-4.510304414917004,0.46995708290710336,barley
-1.779125194212949,-1.903949229390706,cooked ham
-4.239028863497146,-1.040745776848254,starchy potatoes
-1.2819473695462973,-3.8028459515203297,grated nutmeg
-4.383660700204468,-0.6108237097744672,sirloin tip roast
1.3727237750296504,1.3705124062840297,steak
-2.5217771545470584,-2.5091933212494797,vegetable shortening
-1.8201838023372625,-2.6934977595418372,finely chopped fresh parsley
1.5252287278372878,4.21853659306848,vinegar
-4.038324117945493,-0.4831922489427298,caul fat
11.780811561228877,-13.023081815867101,whole milk
-1.3549819126254563,-2.677487495229396,heavy whipping cream
-2.204354420109008,0.5779281564705921,kahla
-4.476866236465402,-0.471489981583345,instant espresso powder
-2.700760103964361,-0.3126775785337001,epazote
5.977765412244738,4.305263739414686,radishes
2.2646210610056645,-2.829798418207477,oregano
5.576347004344002,-1.9633399043925175,white onion
-1.2616970258784874,0.07614098633953205,hominy
2.9518501655214644,0.5335978958632409,tomatillos
-3.114738362311988,-0.6636286733416218,pepitas
-2.8355717789700217,-1.6856354259456314,catfish fillets
0.4995679373139953,1.0199807957729246,basmati rice
0.8230970218750637,-2.343246614561291,cauliflower
11.46831352926386,2.2338610902045137,cumin
-3.9668154767531054,-1.2295896729164333,blood orange
-1.0414676999454657,-3.505193560694327,low salt chicken broth
8.441987991804837,1.9727313075767499,white wine vinegar
11.333091043303464,-0.8970301837113176,tomato sauce
-2.110250418409607,1.9111623671616937,shredded carrots
-4.143011920496597,-0.6900091562934575,"english muffins, split and toasted"
2.032010645270269,-5.529095964078961,vegetable oil cooking spray
0.2664713612982663,-2.423721165225708,chopped green bell pepper
-3.1220884395572313,-0.11294588437580723,prawns
-0.7068382184845048,-0.1291095061066754,rice flour
-2.99387631256763,-1.1398411007936795,seasoning salt
-3.149084807042131,-0.8506285029836756,lasagna noodles
-4.335713298015405,-0.5837156647225545,ranch dressing
-3.7386158191846546,-0.790832645000335,evaporated milk
24.80304125737759,16.146598235477324,minced garlic
7.166873646496025,-4.071911940815323,red wine vinegar
-2.7416773222535635,3.5671624733483047,boneless chop pork
-1.1505673541927102,5.797220264466969,chile paste
-3.94066064258862,0.0739171229309962,lower sodium soy sauce
-0.14239661768341053,4.281608184129628,dark sesame oil
7.0769000203707755,-3.874213576698719,raisins
-3.379420578742501,-0.9886265064245254,pearl barley
-1.1765643622174125,-2.9452796842927547,slivered almonds
-4.904889198979671,-0.409069369980579,chocolate bars
-4.904889198979671,-0.409069369980579,marshmallows
-4.904889198979671,-0.409069369980579,cinnamon graham crackers
4.088337483487761,-1.7926596012242224,chopped celery
-1.6247213759926558,1.03716369719042,mustard powder
-3.5773689456093827,-1.0326507065093906,cod
-1.7689749028787065,-1.4826253261837197,minced onion
1.9655759626352032,-4.135957660733174,dry bread crumbs
0.5325368830713816,-5.2175815937408085,golden raisins
2.4504486090042503,-4.716245414780924,margarine
-1.640795749894932,-2.6583854542440135,mace
-3.5201682046648406,-2.220030636757578,brewed tea
-3.5201682046648406,-2.220030636757578,candied orange peel
0.17847013003570247,-5.2696882891420955,grated lemon zest
-1.466359602898033,-4.838435320516672,dried currants
-3.5201682046648406,-2.220030636757578,rum extract
0.5807289322500853,-5.400070658334466,dark brown sugar
-1.0507217250453782,5.7337581558119775,noodles
-3.23382889911512,3.234361417277959,baby bok choy
-3.116807023995331,2.4545485748137685,black bean sauce
1.8076730915578156,0.7956943657348662,red potato
0.5158269080964414,8.785554059618425,chinese rice wine
13.031576482230962,-0.5440125675733154,black beans
0.5765001158426329,0.9557440766404012,quinoa
-2.222336246430266,1.0782309611238268,frozen corn
6.774269245644335,-3.5038448630174397,vegetable broth
-0.8826898217604471,-2.6651315904326784,yellow bell pepper
3.3148186709700576,-0.8941398954810107,orange
-3.0124317099902793,1.9067034599945323,duck
-2.457909868076313,-2.839754828055455,dried mint flakes
-3.8527503694704333,-2.019455257696188,penne rigate
-0.24026780356157096,-5.705463982547139,feta cheese
-3.8527503694704333,-2.019455257696188,ras el hanout
2.19287126428489,-7.392209105001552,ground lamb
4.873448188895179,-7.809744488738546,large egg whites
-3.8454602716075157,-0.9357920451141313,2% reduced-fat milk
-3.892126846840995,0.36610265824183874,napa cabbage leaves
-3.058309764858745,0.17404975474819526,chicken leg quarters
11.193947985483112,10.095992399211452,cucumber
3.5131703942366097,1.242986279407102,long-grain rice
-2.195896528432562,-0.7796127098701423,crusty bread
-3.618729224298583,-1.1772792167084851,baby potatoes
-3.618729224298583,-1.1772792167084851,smoked streaky bacon
-4.33453725610626,-0.014897314719347653,piloncillo
4.2280625476067,-0.8508328379456086,ground allspice
-4.33453725610626,-0.014897314719347653,hibiscus
3.7143509856837906,-3.9130260113845505,fresh oregano
-2.3489636290070353,-2.5249421692285385,chocolate morsels
-3.988743627281708,-0.7221948618612952,cream sweeten whip
-3.280023925626104,0.03440963237570106,instant espresso granules
-3.988743627281708,-0.7221948618612952,chocolate covered coffee beans
-3.2229156989082903,-0.600805321288849,unflavored gelatin
-3.988743627281708,-0.7221948618612952,pound cake
6.292397222955405,-8.949996197215434,pinenuts
10.142129693615084,-3.0574520903334355,zucchini
-1.9612939152815982,-2.5132110406609045,baby carrots
4.471670197332509,-6.246503931292609,fresh basil leaves
-2.892375388699814,-2.300908564385888,asparagus spears
6.443611537699068,0.9134404179634783,frozen peas
4.133985386329889,-7.592219049226149,arborio rice
-3.853174218568458,-1.34572874647531,yellow crookneck squash
0.5829640726254307,0.9507261061439074,chipotles in adobo
-3.221275352822986,0.3595582575043769,instant white rice
21.59211427504409,12.04922305920499,cilantro leaves
-3.221275352822986,0.3595582575043769,red beans
-2.2755738659122753,0.06702448449218755,skinless chicken thighs
0.5218753905236503,0.6875714246538054,lime zest
-3.8089017006239385,-0.17362477424552758,condensed cream of mushroom soup
-1.4099032404282201,1.9763469376644016,condensed cream of chicken soup
-2.6562072252343003,-0.01649230984220637,lean ground beef
-3.3961364314148006,-0.04201689883159799,Mexican cheese blend
-3.5597323595839754,0.059577572140157374,chunky salsa
-0.0390329267448411,2.3289730882654207,taco seasoning mix
-4.194276039156898,-0.3318953512454919,chorizo spanish
-1.9958123374186036,4.417037483811061,pineapple juice
-2.5664279647157504,-1.8710142797302243,dark rum
1.0569030478387798,7.483136516154811,daikon
-1.9640965224524787,4.392685711737845,pork ribs
-3.7974399135030983,0.9594036024210039,goji berries
-3.7974399135030983,0.9594036024210039,oysters
14.897266868594734,0.4576711720405946,salsa
-4.414575289300776,-1.1069790318730963,demerara sugar
2.8036335026439065,0.20277841991486215,egg whites
-4.414575289300776,-1.1069790318730963,fruit
-2.7305843173346345,-3.512735697468435,frozen pastry puff sheets
-4.414575289300776,-1.1069790318730963,mixed spice
-2.363260725897099,-1.9997003579767247,parsnips
-3.2806682249475196,-0.1700125185813095,chili oil
-3.879348422373885,-0.9769174667994401,brown mustard seeds
-2.731815446746722,1.4973769986807584,unsalted cashews
-3.1280831323928133,2.446173496765097,thai green curry paste
-3.9081832171815933,1.2989085762079862,kecap manis
-3.9081832171815933,1.2989085762079862,frozen broad beans
-0.7690117706070493,3.9502283857925,basil leaves
-3.3797418046512577,2.398326795817525,chili flakes
-3.9081832171815933,1.2989085762079862,chicken tenderloin
-4.110900137056028,-0.9861033982324564,creole style seasoning
-4.110900137056028,-0.9861033982324564,condensed cheddar cheese soup
0.9408434677455514,-1.173147280008604,refried beans
-1.3515135618625518,-0.9607718312417445,grated jack cheese
-0.40348506505207,-1.5708507494281396,egg yolks
1.703900732465936,-4.480685875649899,asparagus
-3.466337179151736,-0.6326836226466648,fresh leav spinach
-4.212372071419561,-0.8578141481013363,cheese tortellini
5.019994149811812,-4.0347585404972675,cherry tomatoes
-3.482762945762732,-0.8779834677894298,navy beans
-4.288125943739295,-0.4135819733310846,nonfat milk
-1.6275303698276684,-2.2467923570042228,granny smith apples
-4.327034221936187,-0.9078160631118317,lard
-3.108044467813577,-2.971464358246331,pecorino romano cheese
-4.309517674089273,-1.359865666581133,fresh fava bean
-4.309517674089273,-1.359865666581133,italian sausage
-4.309517674089273,-1.359865666581133,pasta sheets
-2.524922688852039,-1.0225549497589048,spinach leaves
-3.8621932925774214,0.001712960305887414,low-fat natural yogurt
-3.8621932925774214,0.001712960305887414,Flora Cuisine
-2.247946028138124,1.2136575497882525,curry paste
-3.759122791594489,-0.043686541044515026,bone-in chicken breasts
-0.4292141950787575,-0.8717309270410709,white hominy
-3.759122791594489,-0.043686541044515026,dried chile peppers
-4.409136806529953,-1.277828945848083,frozen whipped topping
-4.409136806529953,-1.277828945848083,chocolate instant pudding
-4.409136806529953,-1.277828945848083,instant butterscotch pudding mix
-3.3030420795205853,-2.8676614291375304,graham cracker crumbs
5.425470981722246,3.426765492278387,fennel seeds
-0.43514923475498457,-2.716747425507798,kalamata
-4.043346824607743,-0.6155808623412999,kielbasa
5.965622313229835,-0.5309765497780554,celery ribs
-0.4386475792400812,-2.429999769132678,ham
-3.873376754904536,-0.2526110368189229,moong dal
-1.3345853186367862,-0.298312431841034,capsicum
-3.873376754904536,-0.2526110368189229,green mango
7.400979567989068,19.692885004770112,toasted sesame oil
-2.2204359888963006,5.1675929236933005,tofu
-3.769749346920012,1.954883266950891,short-grain rice
-4.241161133053847,1.4577844338724297,dried shiitake mushrooms
-3.5388329287147733,3.422575330553207,gari
-3.150229605836893,0.322602958944441,Turkish bay leaves
-3.792385133175078,0.3400782585615736,dried chickpeas
-3.792385133175078,0.3400782585615736,semolina
-3.792385133175078,0.3400782585615736,vine ripened tomatoes
-3.599046155410979,-0.17377772146054726,bittersweet chocolate
-4.118789491945157,0.25152963901432823,fat free yogurt
-2.377657143885244,-1.1662541268414948,skim milk
-4.118789491945157,0.25152963901432823,angel food cake
0.6169266442167854,-0.3697125614758405,unsweetened cocoa powder
-4.118789491945157,0.25152963901432823,instant espresso
-4.2383017024428264,-0.3995441077310879,organic chicken
-2.4909733432305416,-0.6208142281192881,anise
-3.058087635764113,-1.1248373039334834,zinfandel
-4.069834688590411,-0.26034989275950754,orange blossom honey
-4.069834688590411,-0.26034989275950754,calimyrna figs
9.900347870874818,-0.3433086337221999,clove
-4.069834688590411,-0.26034989275950754,plain whole-milk yogurt
-1.2498785724677763,3.795130973290208,reduced sodium soy sauce
-2.051441703894355,-0.0035645277647700247,beef stock
-3.574514116241456,0.4009868514133291,chuck roast
-4.537823853920686,-0.8703268799784621,Corn Flakes Cereal
-4.537823853920686,-0.8703268799784621,coleslaw
-0.8218056116432582,-1.4155541787278145,garlic salt
3.083808659215244,15.310187913947642,chili paste
12.286822666325303,8.645495769407331,red pepper flakes
-3.096320809602768,2.251152272056971,kiwi
-3.1903999037234914,1.7797936977760995,asian pear
-3.2839871943739993,-0.6299452274212058,chees fresco queso
-1.8783548555680225,-2.515121170306651,swiss chard
-4.3519731280045315,-1.16463421832443,veal cutlets
1.3243361947955132,-0.6557307705029047,pasta
-3.9383286197831486,0.772904746833017,wakame
-3.9383286197831486,0.772904746833017,extra-lean ground beef
-4.115821045953718,1.0557196944219476,scallion greens
0.5472710994922344,5.922205525295214,wonton wrappers
-0.053756324759431165,4.300297921980131,peeled fresh ginger
-4.115821045953718,1.0557196944219476,nonstick spray
5.923843158423959,-8.033065487014397,chopped fresh thyme
-2.0299895755288766,-1.3393134311318573,chicken bones
-0.868299672707545,-0.870275721498684,"green bell pepper, slice"
-0.5199721082332207,-3.499241855069757,anchovy fillets
-3.608850920888747,-0.9788490957720773,crusty rolls
1.319884781236,3.3950674882254135,coconut oil
-3.9297082728602213,0.20360906154711883,almond flour
-2.5260009496300997,1.1791791643310285,coconut aminos
-3.431160586389148,-1.0272289074276297,green peas
-3.431160586389148,-1.0272289074276297,clams
9.934511001491401,-1.7631369208284342,boneless skinless chicken breast halves
-0.33811604978477094,6.188806446624826,seasoned rice wine vinegar
0.4055138318066791,6.384733994322505,snow peas
-2.601362101668138,-1.2960570335579684,hard-boiled egg
-0.896646596755394,-2.9512318425911888,artichoke hearts
-2.383227837283232,-0.6179147512991214,stuffing
-0.4047461329697976,1.1225711861374736,coriander powder
-2.4695848941051834,1.2764273191132494,maida flour
-2.956761803981058,-1.410081408424541,pita bread rounds
-3.7413930306349337,-0.9701191890902439,grated Gruyre cheese
-3.267185863483973,2.300150443190378,udon
-4.314608352752467,0.8893479419669059,red miso
-4.314608352752467,0.8893479419669059,silken tofu
-0.6432716530547438,3.9490493189561766,button mushrooms
-1.3146581230209762,-0.9946873641250837,whole peeled tomatoes
0.126724096856518,0.04410633779099558,shredded Monterey Jack cheese
-3.9970588392293367,-0.11390551645548606,pickled jalapenos
-3.109743497556784,-2.8355794965320924,broccoli rabe
2.5442305452494285,-7.616256996408796,parmigiano reggiano cheese
-3.457742819268977,-2.0152980740357798,fontina
-0.8384463139895633,6.166532232773842,thai chile
-2.719762596340964,1.9976177867438618,peppercorns
-2.5229500660062483,-1.3945296275376076,refrigerated piecrusts
-3.8985187185022534,0.10540116384673953,cream of chicken soup
-4.291530284562767,-0.22134740018628435,frozen peas and carrots
5.044299250071998,2.4105540982196483,low sodium chicken broth
-0.6382828600469993,-3.476330306241916,pasta sauce
-3.246831189852533,-1.9142778409581342,olive oil flavored cooking spray
0.21617532751985316,-4.224523135340676,frozen chopped spinach
-1.313879179776117,-3.927364386967699,part-skim ricotta cheese
-3.3017777079680424,-1.2821637789660918,manicotti shells
-2.2101071225352684,-3.094291164179481,fettucine
4.2235053874013655,-5.543101805385718,parmesan cheese
-2.1638447656386472,-0.5386088225630377,chicken bouillon
-4.090934588134861,1.2622090864114233,chili paste with garlic
-4.090934588134861,1.2622090864114233,fresh veget
-3.720946205367513,0.3076680431231263,taco sauce
1.738571044184367,0.6471907437682016,guacamole
-0.4791691620062425,-0.43577220184975946,salsa verde
-2.8461907040503194,0.5850522770670082,condiments
-3.720946205367513,0.3076680431231263,pork shoulder roast
1.5626067932931036,-0.5178042318219995,tortillas
-2.928572558250703,0.012703614295262242,rose petals
-1.9405176286222938,0.4233069234421431,almonds
-3.6456795334655165,-1.3060849894814375,pistachios
-3.180045340061179,1.841790970573095,chicken wings
-3.2628546317976785,-1.756358180118119,drumstick
-0.4263839399946218,-1.6908185992987452,green chile
-3.2628546317976785,-1.756358180118119,peeled tomatoes
7.950245679438316,1.169032953797131,chicken
-0.7402836695181192,-2.477475666566536,chiles
1.686161699085282,-1.0000082491889604,adobo sauce
-3.2628546317976785,-1.756358180118119,ancho powder
-1.790432992166934,-2.1480927610469336,chipotle chile powder
-3.242857305815114,-0.0912468661771879,Old El Paso Flour Tortillas
-3.6193368412084292,-0.06275356275617308,cranberry sauce
2.3417165697800333,-2.6572472510934113,beer
-1.0842733381359626,3.791900238208159,chili sauce
-2.602951903707486,-0.763304956539262,beef rib short
-4.300931175564636,0.9367705067242127,miso paste
-3.128070722843769,2.2205352606901765,seaweed
-1.453742143264009,4.040390095883774,dashi
-1.9580953604675988,-2.7704368038032903,fresh dill
1.5518720789392708,-1.2292317439073484,yoghurt
-2.846840416110579,-2.002139873296113,myzithra
-2.112019252347409,-2.0576868915264286,phyllo
-2.846840416110579,-2.002139873296113,kefalotyri
2.6538631173257086,-0.5674323335052435,okra
-4.288544137489521,-0.9754744711493814,cracker crumbs
-3.42224510198394,-0.6865141804351033,Philadelphia Cream Cheese
-4.274673790450512,-0.511092833152664,crab meat
-2.6364421219211813,-0.09470761326398355,savoy cabbage
-4.443749150615222,1.2452688138629822,boneless chicken thighs
-4.443749150615222,1.2452688138629822,potato starch
-2.5673800060673564,-1.889969139598877,cream of tartar
-3.6985313631338292,-1.1130020614045588,semi-sweet chocolate morsels
-0.7184412079949712,-3.9346858794048085,cake flour
1.0283780464515604,-3.581142050305926,ricotta cheese
-4.4676178783474425,-0.15296368212887662,serrano
-3.7893341609595095,-0.6478095961430627,steel-cut oats
-1.897772297539514,-2.7035121930199506,hazelnuts
-3.7893341609595095,-0.6478095961430627,hazelnut oil
-2.3491327323467384,-1.4613874703642311,sweet cherries
-4.538458524593047,-0.6014136681547944,fire roasted diced tomatoes
-4.538458524593047,-0.6014136681547944,"red kidnei beans, rins and drain"
-4.133334412624752,1.5830514633488209,wasabi paste
-4.133334412624752,1.5830514633488209,black sesame seeds
-4.133334412624752,1.5830514633488209,Japanese soy sauce
-4.133334412624752,1.5830514633488209,fresh salmon
-0.3040241520689603,-3.337714878079943,dried porcini mushrooms
2.016019184784683,-4.002723282425176,dry red wine
0.14982687010288964,-1.6387279784982236,hot water
-3.8192776794628855,-1.0822908271150435,fat free less sodium beef broth
0.16945215948960443,-0.9618828928789188,cremini mushrooms
-2.3003160856573457,0.31887539355227007,creole mustard
-3.523926858522793,-0.2850456425223026,prepared horseradish
-3.523926858522793,-0.2850456425223026,celery salt
-3.523926858522793,-0.2850456425223026,shrimp and crab boil seasoning
-4.251119907980921,-0.37449103302349085,turnip greens
-0.9661758643092406,-1.9163871299454571,butternut squash
-2.7348449438469538,1.3530542860527583,apples
-2.961364869947995,-1.823809374399699,country ham
-4.292399847868806,-0.1517252847189396,frozen edamame beans
-2.8022478449831847,-0.1962054268812283,"whole kernel corn, drain"
-3.8825593902516884,0.6495378343673728,strong white bread flour
-0.14982697919311094,1.356112469912071,salted butter
-0.8466994072588974,1.8200739834534174,sunflower oil
-3.8825593902516884,0.6495378343673728,kalonji
-3.8825593902516884,0.6495378343673728,instant yeast
-0.1797811712681994,2.484491352616377,fresh coriander
0.9996757112192574,8.79113715401698,cooked white rice
-3.918836336923484,1.6244216943801937,mixed mushrooms
-3.918836336923484,1.6244216943801937,wood ear mushrooms
1.1292701309637936,2.8367631073556776,vegetables
0.2401284851351774,1.0335085306109588,taco seasoning
5.993686677753764,4.110380501711931,bell pepper
14.143819558498965,7.231494287818534,boneless skinless chicken breasts
-2.2389446927231687,0.8484658577778771,shredded cheese
-3.796403948288272,-1.5527327223327163,eau de vie
-2.468525196372083,1.0225363389167283,leaves
-3.796403948288272,-1.5527327223327163,cane sugar
-3.796403948288272,-1.5527327223327163,baking apples
-0.7091540493759454,3.427654497661325,salt and ground black pepper
-1.4192432958564638,-0.2631323522514385,sliced black olives
-3.1579013140970313,0.40517223815690173,chopped green chilies
-2.6959674705490344,-1.3058313269355484,rosemary leaves
-3.312590204616727,-0.7862908125100538,lean steak
-3.312590204616727,-0.7862908125100538,Guinness Lager
1.0661082208379666,-2.0747259303705667,dried rosemary
-3.906094476260953,0.876959762618106,"water chestnuts, drained and chopped"
-2.274031682567004,1.5068903724967582,chinese cabbage
-2.5782157243447643,3.4522288238675523,dipping sauces
-3.203870922865605,0.8454002188238212,lean ground pork
-4.177924321337264,-0.6735639461001875,pico de gallo
-3.015389791282204,-1.147227428808128,cheese slices
-2.8819549342466115,-1.0765541225855983,chorizo
-2.515118853762554,-0.6587444678051382,french bread
-3.4408221155697065,-1.2020390036912207,dried dillweed
0.6117338762554595,-2.65060559129193,red wine
-2.193950468679803,-0.966435847543454,lamb
3.3796869547302135,-0.3329429350599261,plain yogurt
1.5081636124508437,-0.6950011155870923,kale
-2.6970744807345652,0.40144368460092517,Mexican beer
-3.868231021213564,0.26083313744318576,boneless beef short ribs
-3.868231021213564,0.26083313744318576,guajillo
3.8198060248735115,-4.718541536678997,saffron threads
-1.3115007837383623,-0.2998549528540376,fresh spinach
-3.881261122208695,-1.0290470706482844,banana squash
-0.5624157604743317,-2.883552219451246,cannellini beans
-3.4154449594097924,-1.2337589229892936,shortening
-4.299314472487029,-0.4854415694790288,Franks Hot Sauce
-1.6692417864138573,1.3898100335156656,pears
-4.356613563521843,-0.4507891278999025,light pancake syrup
-3.9229010711246444,-1.013201218661902,puff pastry
-0.3524463378146242,0.31629459957180306,apple cider vinegar
-3.4319552937337066,0.5938306694519552,mushroom powder
-2.0466478543296494,1.278804296243979,bone in chicken thighs
-3.4319552937337066,0.5938306694519552,fresh bay leaves
11.550957549801458,11.061905391389796,cilantro
-1.8368224142239755,2.5596156665129834,skinless chicken breasts
-2.921424291820612,-2.161391446999435,light sour cream
-2.3972990440108806,-3.437063659920917,fava beans
-3.6341894106881325,-1.993338124997153,fresh tarragon
-1.2513094662297148,-0.2577821068657381,kidney beans
-2.9096038609520574,-1.307084641791252,orzo pasta
-4.0620819244635396,0.12409532056320612,dri leav thyme
-3.6628021642429607,0.9020253206340095,wasabi
-1.295321179669591,-0.32602237711960286,jumbo shrimp
-2.894425992689758,2.235277979779277,sticky rice
-3.6628021642429607,0.9020253206340095,white sesame seeds
-1.1650256468373905,-1.9072507345829548,chopped almonds
-3.3211309234054185,-0.4446357492795425,baby arugula
-1.700329313927317,-0.7052683154797638,tequila
-4.272527074396306,-0.08502245389206663,margarita mix
-2.905306059187393,-1.37528901398472,crust
0.24840875812820998,0.38266206221944643,grits
-3.5547960272284085,-0.660046522439284,pecan halves
-2.135264044281908,1.6285726220119254,corn syrup
-1.8311373696587936,-2.7971425260325713,superfine sugar
-3.9267112688018493,-0.9510910249470277,blackberries
-3.3367898471337387,0.1709288667764139,whiskey
-3.941912648958503,-0.8383312042809469,luke warm water
-2.472234217670374,-1.344852553256488,active dry yeast
1.216311771436888,1.1635458025551566,fresh mint
-3.6188589266285134,-0.6758665590183138,jamaican jerk season
-3.6188589266285134,-0.6758665590183138,pineapple preserves
-2.48780046791976,-0.40684191633091504,chicken drumsticks
-4.429089529967149,-0.7210234650858963,pitas
0.5250128569956143,-3.4711661109128737,goat cheese
-1.2447338373810852,4.234314163769292,gingerroot
-3.411246271266486,1.9304320742851273,rib eye steaks
-3.986835739481956,1.0933140279326616,hot bean paste
-3.8597440918565713,-0.12855928979209058,medjool date
-3.8597440918565713,-0.12855928979209058,diced bell pepper
3.1978738703738316,-1.5593127660275543,cream
3.850574850349769,-0.9331008001346389,smoked paprika
-3.2786715847078476,-1.5905640642371894,reduced fat milk
-3.0532988604086726,-1.87873105175086,smoked trout
-3.497752366061818,0.031654109118654405,garlic puree
-2.1369284585390185,0.5894800509625306,green cardamom pods
1.0124966320700841,0.19573162887158202,tomato pure
-3.6211928356184147,0.6761466071979875,pickled jalapeno peppers
-3.6211928356184147,0.6761466071979875,romaine lettuce leaves
-3.6211928356184147,0.6761466071979875,crema mexicana
-3.6211928356184147,0.6761466071979875,chile sauce
-2.6681815082219305,1.038073997330423,queso fresco
-4.09315343349382,1.446963067278666,Boston lettuce
-3.3618217930193435,1.428230706727582,persian cucumber
-2.165904923773445,5.777739969778721,peanut butter
-1.2263388562406183,6.680050152210366,rice paper
-4.528580685580802,-0.41217283124331294,Korean chile flakes
-2.956290162193919,-0.8200942508183906,red chile powder
-1.2500787320035702,1.0903384907036298,boneless chicken breast
1.7916174654568893,0.9142315910874153,cashew nuts
-2.956290162193919,-0.8200942508183906,kashmiri chile
-1.9107838040300944,-0.9521262638615989,kasuri methi
-2.956290162193919,-0.8200942508183906,mustard oil
-1.4048316904287685,-0.5896273964841264,ginger paste
6.7124589719144865,-0.3598571275978538,cinnamon
2.6577804153526183,0.9382223240114418,tomato ketchup
-4.262239283850327,-1.0428640571421592,pecan pie
-2.331871215845984,-1.3961394022310745,tostada shells
-3.7084583561925646,-1.0083141008066903,grouper
2.4250679029321986,-3.292610897511848,corn kernels
-4.2611722675575265,-0.7550910078391521,ricotta salata
-4.5082387802331505,-0.658174444971377,pecorino cheese
-4.5082387802331505,-0.6581744449713789,grana padano
-1.8319851286088764,4.6753089807136785,kaffir lime leaves
1.5660947579858402,3.0597460971087598,corn
-3.49138981238189,1.6949859189555179,soba noodles
-1.831985128608876,4.675308980713681,galangal
-2.534506526006322,2.6565926932905906,green curry paste
-0.2630926851072728,5.65505236127379,bamboo shoots
-4.263643726707826,-0.56608407727218,chopped nuts
-1.1019357425805432,-1.9835887696210877,bourbon whiskey
6.916876575245537,8.738562215465944,ketchup
-3.713439283423574,-1.621186806719716,rhubarb
-3.5597933704447464,-0.9575173316713438,liquid
-2.883676795030904,-0.4325436448403666,store bought low sodium chicken stock
-1.7486186484954804,0.7496919185293627,safflower oil
-3.871783575501872,-0.2003624963272095,jeera
-3.871783575501872,-0.2003624963272095,cardamom
-4.502908073041266,-0.3740863457709671,crema
-4.568742777272702,0.5648034317900484,salmon steaks
-4.252822806515254,-1.073073775641997,jam
-3.2035998232698777,0.24819117654669684,karashi
3.248247077567595,2.7865647192062766,spring onions
-3.2035998232698777,0.24819117654669684,free range egg
-2.9556311093682215,2.143367948004823,jicama
1.20825646777211,8.189749133361719,water chestnuts
0.19106213421725518,-0.0038413172916342874,diced celery
-0.06530714629243088,-0.54793197344871,shredded sharp cheddar cheese
-4.348741521493529,-0.2043311686623179,dinner rolls
-4.269318014678968,-0.44865398813001817,cactus pad
-3.8713549174020576,-0.3768411602946773,fenugreek seeds
-3.8713549174020576,-0.3768411602946773,cauliflower flowerets
-1.9994187650862814,-0.178072215572928,boiling potatoes
2.3422608675723806,-1.4228933817273604,baby spinach
-4.145364962536666,-0.947523517982032,tuna steaks
-2.102572104440928,-0.007671457930586597,spices
-4.1935070896256414,-0.39921473294908766,octopuses
-1.7127305275796108,-2.020370424380501,vidalia onion
-3.003613864193224,-1.2400074530207623,smoked gouda
-2.9437823136769667,-1.5492217275175502,small red potato
-1.2165792170738177,-2.3939773086859333,tuna
-4.174568345522218,-0.5571487650797524,fat-free refried beans
-4.174568345522218,-0.5571487650797524,low-fat milk
-4.174568345522218,-0.5571487650797524,fresh lime
-0.39539224694095765,1.4522275716380564,ground white pepper
-4.327624126349671,-0.6339459578402395,Bertolli Classico Olive Oil
-4.327624126349671,-0.6339459578402395,"bacon, crisp-cooked and crumbled"
-4.327624126349671,-0.6339459578402395,bertolli vineyard premium collect marinara with burgundi wine sauc
-0.6783813841177329,-2.802955128195407,bread crumb fresh
-4.477725977022872,-0.3791743849691847,margarita salt
-4.01078546462476,-1.1023087804078113,(    oz.) tomato sauce
-4.01078546462476,-1.1023087804078113,ground veal
-4.01078546462476,-1.1023087804078113,italian seasoning mix
2.243666168734092,6.169665635121426,beef
-4.183383544121842,-0.5937203943115251,solid pack pumpkin
0.7817827258349238,-4.866158090943101,fresh thyme leaves
-3.8752289394100305,2.1242732152722494,whole grain thin spaghetti
-3.503426483507192,2.9582880004276384,grapeseed oil
-3.8752289394100305,2.1242732152722494,organic sugar
-4.191945684655842,-1.1427020952647786,dried cherry
-4.048942618693335,1.277112071618606,straw mushrooms
-3.5324348937166854,-0.6577787655793587,vidalia
-1.1719245707255748,-3.394959838493229,haricots verts
-3.5324348937166854,-0.6577787655793587,wax beans
2.2154789934987114,-5.634599361390834,prosciutto
-0.6295079388584872,-3.305438008264848,romano cheese
-0.4129476786173192,0.5650834470867184,cooked shrimp
-3.8887028062667213,-0.35899528908946443,crabmeat
-1.2478039521859419,0.31767281386018525,strawberries
-2.042010839388167,0.3382353772497621,green peppercorns
-1.4191001015428144,1.1454084937109295,pork loin chops
2.022422599496975,0.3268312996924563,chipotle peppers
-2.042010839388167,0.3382353772497621,blueberri preserv
-2.042010839388167,0.3382353772497621,filet
-2.042010839388167,0.3382353772497621,thyme leaves
-2.042010839388167,0.3382353772497621,coffee beans
-3.843142037718953,-0.0756768720491938,vegan margarine
-2.6590386026129154,-0.020813991172602398,pork shoulder
-3.584167296528999,-0.5970156017972327,parsley leaves
-3.9463549123371036,-0.9556084275957931,fresh raspberries
-2.489851722008006,-1.017552525100998,frozen whole kernel corn
-4.33831365341418,-0.509913662587443,wish bone guacamol ranch dress
-4.33831365341418,-0.509913662587443,torn romain lettuc leav
-0.30644284744067835,-1.7593045787681707,russet potatoes
-4.186952430384827,-0.5917804106570116,mexican chorizo
-4.186952430384827,-0.5917804106570116,colby cheese
-0.10518368234858434,-4.441041831028222,half & half
-3.8253054829720448,-1.27094705406429,dry vermouth
-3.2421014451198453,-1.8137661344303395,canned low sodium chicken broth
-4.150662946713788,0.1505476839545333,roasted salted cashews
-3.07262573936883,0.062357027930385917,fresh lemon
-0.3546411154987989,5.617568802456019,toasted sesame seeds
-3.739029293786959,-0.0013861979660872376,paneer cheese
-1.102625503334261,3.4307233971763296,lemon grass
-3.9790217622507376,0.9834559942215315,Thai fish sauce
-3.9790217622507376,0.9834559942215315,light brown muscavado sugar
0.5302787026701427,5.54985933878645,english cucumber
-3.0024040723742598,1.170319664260143,fillets
-3.8992169666102594,-0.27497614613980503,boneless center cut pork chops
-0.9224064822487634,2.2471386501299957,pork tenderloin
-3.5364077676483445,-1.4587259869485616,shell-on shrimp
-4.169857970469945,1.354862809633824,steamed white rice
-4.169857970469945,1.354862809633824,caramel sauce
-4.169857970469945,1.354862809633824,chili pepper
-3.2541311965447104,2.191611114375789,boneless skinless chicken
-2.6065221372870813,-3.3677199082393092,seasoned bread crumbs
-3.931878182408584,0.4241272839347669,bean threads
-3.931878182408584,0.4241272839347669,reduced sodium tamari
-4.257866344378322,-0.729228239725133,sourdough baguette
-3.276959984632355,2.2355619003909557,liquorice
-2.050926731884163,3.162939930846104,green cardamom
-0.8314576595986557,5.609266538458091,szechwan peppercorns
-3.276959984632355,2.2355619003909557,chinese black bean
-2.3570422568594114,2.2386260441293606,cooking wine
-2.1846884528206694,2.407085181944316,dried chile
-2.4536975077248586,3.3640328045094385,rock sugar
-3.276959984632355,2.2355619003909557,bean paste
-2.050926731884163,3.162939930846104,brown cardamom
-2.9425512714253097,-1.7805069629007038,leg of lamb
-4.08846337847008,-0.11651496855687461,red kidney beans
-0.7214436217597636,0.20302589900165247,fresh mushrooms
-4.3072212044334925,0.7176787862775885,red radishes
-3.5216275912155646,0.17462792889383186,granulated garlic
-3.7901562588000024,-0.5137714463751616,beans
-2.9717972669196073,-1.5798692575686706,jack cheese
-2.4698939265793163,-2.6059653937305103,ricotta
0.13862100147985582,-1.8152442782538791,reduced sodium chicken broth
-4.236982419537462,0.4251655148861768,mung bean sprouts
-4.236982419537462,0.4251655148861768,sesame paste
-4.236982419537462,0.4251655148861768,pickled vegetables
-3.9593397823238643,-0.20136096945213602,jaggery
-2.2585074896807784,0.47708266760623413,coconut
-2.394224647404539,-2.87426069580617,firmly packed brown sugar
-1.990508104500639,-3.053687816038965,chopped pecans
-3.823923136719776,1.5073746543724666,spam
-3.823923136719776,1.5073746543724666,rice cakes
-3.823923136719776,1.5073746543724666,kimchi
-4.324693061822227,-0.12273940317404812,tapioca starch
-0.5728645653461928,6.456576545650051,chili
4.882276745696429,3.888618999016126,cider vinegar
-4.065754058263991,1.1560361512483723,dressing
-0.4063390048591001,6.226402398410061,salad
-4.463860161060988,0.45227535182343626,tuna fillets
-4.552075668934691,-0.6467377123513987,lamb neck fillets
2.224301942533469,-3.363155313830802,chopped parsley
-2.7821157349015313,-1.4052525836360001,polenta
-3.9719640101872593,-0.6663415266667186,olive oil cooking spray
-2.1992152017289017,0.806006746459664,cauliflower florets
-3.4957307503634354,0.9611642821566119,sweet chili sauce
-4.727358787468347,-0.3026766522378743,Old El Paso mild red enchilada sauce
-4.727358787468347,-0.3026766522378743,Pillsbury Refrigerated Crescent Dinner Rolls
-4.727358787468347,-0.3026766522378743,refrigerated crescent rolls
-3.376265004210435,-0.24793161602702588,red enchilada sauce
-0.45750951164800097,-3.1037991352318834,sea scallops
-3.0023388191224827,-1.4886827139571395,grate lime peel
-2.4681816323904586,-1.6097871310855674,bottled clam juice
-3.7795693255294527,-1.0682578913334584,sun-dried tomatoes in oil
-3.8851503905425306,1.2688103978077268,unsalted dry roast peanuts
-3.8851503905425306,1.2688103978077268,dried red chile peppers
-0.65568329979186,1.091945671188299,cooked brown rice
-1.1697497747502028,3.474570351529648,bok choy
-4.421447930154139,-0.2424573977846874,fry mix
-4.421447930154139,-0.2424573977846874,yellow mustard
-0.6192080848701671,-2.9060901610626715,baguette
0.36818029896338134,-1.1139899598670444,orange zest
-3.5242749238248328,-0.9232686730840629,fennel
-3.7289314727877505,1.8490811755112417,salted roast peanuts
-3.7289314727877505,1.8490811755112417,onion tops
-1.2566827809884111,3.0325824156124352,mustard
-1.103389624862783,-2.665335377490904,cornmeal
-0.6774312347823983,-4.752527986162953,grated lemon peel
0.7181378042792549,-2.169608693151833,sliced almonds
-2.6371989152255324,4.367193401724598,grated orange
-2.6371989152255324,4.367193401724598,fresh red chili
-2.6371989152255324,4.367193401724598,natural peanut butter
-2.6371989152255324,4.367193401724598,grated orange peel
3.5082742068700585,12.081965130492256,minced ginger
2.0427148503982724,7.52967410538989,orange juice
-2.6371989152255324,4.367193401724598,chili garlic paste
-4.570637984262176,-0.2176465028914176,masa harina
-2.2047214490194094,-1.5525845230050135,crme frache
-4.066970106974646,-1.0888729379769393,double-acting baking powder
-4.525505162931598,-0.5640945599681262,duck breast halves
-4.282552539041506,-0.5904127217369385,California bay leaves
-1.682314397375494,-0.47657220286911656,mint leaves
-4.584190002494653,-0.3966514587666526,vanilla lowfat yogurt
-4.1888448278337,-0.5844649868630679,pesto sauce
0.42012889769154776,-4.946058104662448,arugula
-4.2703971010357655,0.9931531377232751,shredded coconut
-4.2703971010357655,0.9931531377232751,glutinous rice flour
-3.943286589846553,-0.5229871340046778,lentils
-3.507783865047639,2.1935296279174916,vermicelli noodles
-3.507783865047639,2.1935296279174916,pickled carrots
-3.507783865047639,2.1935296279174916,white radish
-1.8443006187843467,0.8199446367301827,"cream cheese, soften"
-4.045251028218584,-0.44692854000798676,coconut sugar
-2.8688286962035185,-0.9978867331046234,white corn tortillas
-3.052319205776249,-0.4654668606393191,plantains
-2.2515387678694148,1.8781902372029644,egg noodles
-3.353016965450191,1.3117045304919794,beef shank
-3.353016965450191,1.3117045304919794,fried garlic
-4.030417937870765,-0.93837435536003,summer squash
-4.030417937870765,-0.93837435536003,ciabatta
4.116400005525372,-3.928930796872771,juice
-2.7693812557959987,1.28455474629099,fresh herbs
-3.9644003210870964,0.9430527912418402,plum sauce
-2.9186064106883753,-1.7598642213134608,dough
-4.219039882896136,-0.9012799477574487,coarse sea salt
-3.48583574686614,0.9213474634172854,dried kidney beans
-3.9229197879495907,0.31868082577828527,smoked ham hocks
-3.249336851408481,-1.17693393944795,brie cheese
-4.38023060779866,-0.7654014395430206,wheat germ
-3.4812672915323324,0.5028763399990489,boneless rib eye steaks
-2.234395644642427,0.738479496146815,vermicelli
-3.4812672915323324,0.5028763399990489,mini cucumbers
-2.671406380039034,0.2879421268405158,bird chile
-3.6823057196862203,-0.9085749560612889,corn flour
-4.238565138133079,-0.5888564136097354,cheese ravioli
-3.4268019187081227,-0.5882806553481246,Italian seasoned breadcrumbs
-4.398578575880378,0.2209272043070459,meat bones
1.1392830454435146,-1.1644501180069242,diced onions
-3.0465915139025226,-0.0487565117871256,hearts of palm
-0.05134275581556299,2.793139587311641,coconut cream
-0.933970806787209,-0.4478455104291559,flax seed meal
-3.648195135473479,0.22398673717835993,coconut flour
-3.887108083486158,1.0352497527065032,slaw mix
-3.887108083486158,1.0352497527065032,chunky peanut butter
-4.260073148748359,0.45537861302051097,pickles
-4.260073148748359,0.45537861302051097,hoagie buns
-3.930351671013556,-1.1470623820261479,fat-free cottage cheese
-2.7600730359137793,-2.5763360173159695,oven-ready lasagna noodles
-3.9047497895012664,-1.1841620565673894,radicchio
-0.3278311872365271,-0.0724195465674473,sweet paprika
-3.8518538977100834,-0.4746699536951684,andouille sausage links
-3.355530989341506,-1.068833516406221,tea bags
-1.4595043570913069,-2.6005521364340773,rosemary sprigs
-2.8807915632640997,-2.4260008822387,rubbed sage
-3.8890842409041797,-1.2221506214746876,canned beef broth
-4.769454332398576,-0.4912608396759071,kale leaves
-4.769454332398576,-0.4912608396759071,chicken noodle soup
-3.207357674428211,-2.2380978768890447,italian style rolls
-3.207357674428211,-2.2380978768890447,genoa salami
-3.207357674428211,-2.2380978768890447,boiled ham
-3.207357674428211,-2.2380978768890447,capicola
-3.8459251391434277,-0.585681586232056,table cream
-0.013570790173602723,-0.929360016403296,grating cheese
-1.5450539530161655,0.9207996902172703,dill
-3.9839413899791984,-0.9610120587122557,chocolate sauce
-4.231876719104429,-0.5102742519343971,quail
-2.429589639950004,-1.3202829925611324,caster
-3.9016592024196974,0.3048236866463508,shiso
-3.2318029200038154,0.0033032070547876374,extra large eggs
-4.106053491307,-0.4019087530200481,italian salad dressing mix
-4.418617020480091,0.7677949228248407,dashi kombu
-4.418617020480091,0.7677949228248407,dried bonito flakes
-2.2193014684076298,4.010852022404259,white miso
-4.3615541614257,0.1571756343860897,branzino fillets
-4.0308255263881385,0.15895984601294985,mixed greens
-3.452640968220964,-0.7743129201999239,round steaks
-4.419398834676648,-0.35428645511822127,carbonated beverages
-3.4111061570365684,-1.5581367158822357,saltines
-4.526135398072304,0.20281773726422414,barbecue sauce
-4.526135398072304,0.20281773726422414,prepared pizza crust
-4.526135398072304,0.20281773726422414,Sargento Traditional Cut Shredded Mozzarella Cheese
-3.962977931461306,0.9397321234756454,erythritol
-1.4464354383228408,-3.070031691477061,ice water
-1.51680159537541,-3.484415822130994,asparagus tips
0.8872186482448545,-3.9013795921457195,nutmeg
-0.05043966677454902,-4.413495109491959,fresh chives
-1.9072819539272232,-2.650816738614323,artichokes
-2.700202852078415,-1.9800966094024635,portabello mushroom
-2.700202852078415,-1.9800966094024635,medium eggs
-2.700202852078415,-1.9800966094024635,allspice berries
-3.798595124337751,0.46831053355964514,nori
-4.364250830829992,0.1153593997465061,yellowtail
-4.016510155845452,-0.1397510350345787,tomatillo salsa
-3.7401371026687347,-0.46667520378058264,chipotle
-3.7401371026687347,-0.46667520378058264,ground chicken
-3.2769856768073464,-1.904877052842099,white sandwich bread
-3.913715628813384,-0.5368583069269187,tamarind pulp
2.351490539110108,0.8958845852456594,mustard seeds
-3.78065875963924,-0.05704583143048158,louisiana hot sauce
-4.135183755568419,1.5519793185834143,arame
-3.5281754603262807,2.4448149519502347,konbu
-4.135183755568419,1.5519793185834143,lemon cucumber
-4.135183755568419,1.5519793185834143,Himalayan salt
-3.6947475538234182,-1.1512993349180203,plain breadcrumbs
-3.609759470866095,0.3855359665596538,back bacon rashers
-4.143469668554645,0.9725448403190661,cooked quinoa
-4.143469668554645,0.9725448403190661,gluten-free tamari
-3.958726096083806,0.4655571566202365,"uncook medium shrimp, peel and devein"
-4.370877556170874,-0.14059377756409164,horseradish
-4.169259062545699,-0.31799620743548224,catfish
-4.367233979833449,-0.5630121816348113,basil pesto sauce
-4.367233979833449,-0.5630121816348113,aioli
-4.367233979833449,-0.5630121816348113,mozzarella balls
-1.388531596129205,-2.6456711968100617,sun-dried tomatoes
-4.048490427303565,-0.9596604503976528,cocoa powder
-4.132020821267022,-0.1823612895516505,pasilla pepper
-3.2313225152907057,-0.3647876518331073,Mexican cheese
-2.615516949695792,0.22395643785509572,roasted tomatoes
-4.132020821267022,-0.1823612895516505,corn chips
-4.406710497620237,0.032238320011062235,chinese noodles
-4.427358937809964,-0.6023378496540873,fettuccine pasta
-3.393990912622246,-1.8470708686425286,soft fresh goat cheese
-2.0850504125343505,-2.781565255129807,chopped fresh sage
-3.1853694300271633,-0.6967026109372227,lager beer
-0.8006855520006888,-1.9719195819993114,poblano chiles
-3.4975988926003097,-1.0626117482757653,vinaigrette dressing
-3.7197492106950736,0.12094385193404526,red beets
-3.7197492106950736,0.12094385193404526,boiled eggs
-4.061835572686319,-1.318687391613834,caster sugar
-3.2308987829833677,2.0344337920095708,spring roll wrappers
-3.399965455519982,-2.024880022678415,bread flour
-1.977352936460052,-1.0568967987356903,chicken fingers
-2.7042996543787203,-1.1067071266916986,apricot preserves
-4.055550211438356,1.5070818680460853,ginger juice
-4.055550211438356,1.5070818680460853,sesame salt
-2.2210587681776603,3.7043261073684364,rice wine
-3.9875705229677436,-1.5862048478622002,frozen spinach
-3.9875705229677436,-1.5862048478622002,lasagne
-3.852887101953118,0.13123099767081153,fat free cream cheese
-3.07957576136971,0.25230504331374914,non-fat sour cream
-3.852887101953118,0.13123099767081153,reduced fat swiss cheese
-3.852887101953118,0.13123099767081153,fat-free mayonnaise
-3.7585202105608686,-1.1615576135245234,roasted garlic
-2.521629843883616,-2.6052831484482892,sundried tomato paste
-4.504933981926269,-0.37995522170509477,sheeps milk cheese
-4.504933981926269,-0.37995522170509477,champagne vinegar
-4.504933981926269,-0.37995522170509477,dried tart cherries
-4.210418070981677,-0.9006164338749815,porcini
-4.210418070981677,-0.9006164338749815,sourdough loaf
-4.210418070981677,-0.9006164338749815,duck fat
-4.210418070981677,-0.9006164338749815,squabs
-4.210418070981677,-0.9006164338749815,confit
-3.955180172058343,1.7276951496320152,unsalted roasted peanuts
-3.955180172058343,1.7276951496320152,wide rice noodles
-3.589074470750726,-0.3695419499995561,canned corn
0.6334002407899848,2.6504479887234074,lettuce
-4.881568940114671,-0.3995249472166558,aged gouda
-4.881568940114671,-0.3995249472166558,soppressata
-4.055562532175048,0.7655254872251556,beef steak
-3.285870739405432,-1.537545513277092,biscuits
-2.9760798768542944,-1.6434911290879588,lump crab meat
-3.769324119235728,-0.8834889697011981,vegetable juice
-3.769324119235728,-0.8834889697011981,seafood seasoning
-3.769324119235728,-0.8834889697011981,applewood smoked bacon
-3.6030486422672734,-1.81953200767219,lemon slices
-3.5594518656621554,-2.402008136965479,chicken cutlets
-4.442651050903312,-0.054990869298930815,ground meat
-3.995964348403988,-0.18047621394125182,red cabbage
-3.5884851224494,-0.6762154253791619,wheat flour
-3.878483739397484,-1.268441535248856,wheat bran
-2.5476825976844992,-2.8290179071365418,low-fat buttermilk
-1.956470349028907,-2.7989043177215107,whole wheat flour
-3.8686654747731137,0.7081661657466944,soba
-3.1290611822883703,1.180680823303069,mustard greens
-3.8140685939626677,-1.7286966393065402,orzo
-3.8140685939626677,-1.7286966393065402,veal chops
-4.176672994762327,-0.6907490959602571,coarse kosher salt
-1.0735515969941667,-0.5378615750495561,ancho chile pepper
-4.176672994762327,-0.6907490959602571,masa
-3.9656777507053076,-0.983178025829419,oil cured olives
-3.9656777507053076,-0.983178025829419,pasta rotel
-3.9157448891908855,-0.37867528959355107,pasta water
-2.047608221756098,0.5891373027145279,tamarind
-3.7484405143991855,-0.08930633434384325,black salt
-4.0552326883068,-1.1476583293635971,brine-cured black olives
-3.189107740592769,0.5557163602764036,pork chops
-2.1155267174776546,-0.11503611144747282,Tabasco Pepper Sauce
-3.9259885715791687,-0.6351013532662518,uncooked rigatoni
-0.933643053361526,-0.3634674555026596,long grain white rice
-2.704078110940257,-1.4863066000408143,fish fillets
-0.6605276086541046,1.6358842118731578,red chili powder
-3.798020531060908,0.6331367788725962,rolls
-4.4498607541572195,-0.3445629961342275,cinnamon sugar
-3.779679623682812,-0.10068838539353876,golden delicious apples
-2.8830150473471012,1.6880749703678557,pepper flakes
-2.8830150473471012,1.6880749703678557,rice syrup
-2.8830150473471012,1.6880749703678557,bosc pears
-2.8830150473471012,1.6880749703678557,buckwheat noodles
-1.7154105416847747,0.1957027786572173,curry leaves
-4.2522715245670435,-0.9845630549407625,Smithfield Ham
-4.205019555288434,-0.761468005966823,freshly grated parmesan
-4.271368345116456,-0.6196766181527411,hass avocado
-4.042418374582394,-1.141741592718715,McCormick Parsley Flakes
-1.751318055477072,-2.4505086833853555,bread
-1.5886474541977131,-0.6039036400544303,lower sodium chicken broth
-3.568044605520945,-0.7853224914389014,frozen blueberries
-1.7175664386909142,-0.927321756790958,peaches
-3.227109243751117,-1.2831551558270515,pitted olives
-3.959937335686145,-0.9894971363409832,florets
-1.2000952183635303,-4.072946758082963,thyme sprigs
-3.4625224814741826,2.980284060101965,butter lettuce
-3.4625224814741826,2.980284060101965,gluten-free hoisin sauce
-3.4625224814741826,2.980284060101965,edamame
-1.3031019948502176,3.470984911374452,ground cayenne pepper
-3.4625224814741826,2.980284060101965,toasted cashews
-3.95395232862105,0.8517178494152586,short rib
-3.7824316314386794,1.1627213746068448,sambal ulek
-3.6189464296520963,0.010040741621675765,coconut vinegar
-3.6189464296520963,0.010040741621675765,lemon soda
-3.6189464296520963,0.010040741621675765,annatto oil
-2.777867760574403,-0.4970672558082534,string beans
-3.886057582543347,-0.21535571974758858,egg roll wraps
-4.308367936003094,0.21176417928505728,steamed rice
-3.7046140402707315,-1.1549689547334494,penne
-3.6668469815858553,0.0911100887843437,Crystal Farms Butter
-3.6668469815858553,0.0911100887843437,Crystal Farms Shredded Gouda Cheese
-0.08287669864074834,0.28212421545179456,mint
-3.7295678899544606,-1.9715719166214012,berries
-2.6400415402206034,-2.6088766944840653,figs
-3.7295678899544606,-1.9715719166214012,sprinkles
-3.8239155641375295,-1.2462268445059292,boiling onions
-3.117064799325024,-1.6635683423935834,fresh marjoram
-2.6372870731642557,-1.5131396827670496,crimini mushrooms
-3.983233928497257,-0.5571607806143932,Oscar Mayer Bacon
-4.603496080639479,-0.42349229096930313,Campbell's Condensed Tomato Soup
-2.258241732634816,2.2755407932145855,pork belly
-4.09086828487833,0.4796342464081159,brussels sprouts
-4.100803699482058,-1.7702827438813689,beef bouillon granules
-4.100803699482058,-1.7702827438813689,deli ham
-4.100803699482058,-1.7702827438813689,tenderloin roast
-4.100803699482058,-1.7702827438813689,beef consomme
-4.202261444676448,-1.2448515998672995,crumbled gorgonzola
-4.766610836316107,-0.1579435154512237,crushed ice
-4.766610836316107,-0.1579435154512237,simple syrup
-4.766610836316107,-0.1579435154512237,cachaca
-4.424871959883668,-0.8073438263176809,blanched almond flour
-4.018327310423569,-1.205255800362613,tapioca flour
-2.420859509048838,-2.6245240886461323,mild olive oil
-2.4266560474634753,-0.6460555117435202,Guinness Beer
0.5895266263697844,-0.9341750576136132,beef broth
-3.679617151711916,-0.8507297419591925,beef roast
-3.7057644877553346,-1.362214266601726,fontina cheese
-3.84066170725356,-1.0702293876825668,lamb shanks
-4.0570047089907355,-0.4762486170421132,fatfree lowsodium chicken broth
-4.269789286151532,-0.27261635476237644,greek seasoning
-2.3538883578813192,1.661982485962152,brown rice
-3.923657642950281,-0.4403534013887738,fresh mexican cheese
-4.600330580975016,-0.38423770230298754,Hellmann''s Light Mayonnaise
-4.600330580975016,-0.38423770230298754,crumbs
-3.2592012851183623,-1.8069318155493013,raisin bread
-4.391030675834795,-0.9897193146703328,sweetened coconut flakes
-2.641899117487504,-2.0250979225236554,bananas
-3.92178383396044,-0.9150364093572542,chipotle salsa
-3.92178383396044,-0.9150364093572542,refrigerated buttermilk biscuits
-3.728842403562521,-1.474759086897196,dried apricot
-2.583789539097183,-2.5502858991725894,pearl onions
-4.089884864327275,-0.9773193404141391,light margarine
-4.089884864327275,-0.9773193404141391,lemon pepper
-4.184771550547039,-0.5924755191046268,peeled shrimp
-3.385469726289934,0.3441676361938901,ground thyme
-3.385469726289934,0.3441676361938901,malt vinegar
-3.385469726289934,0.3441676361938901,pork butt
-2.7482276823762795,-0.12786425987298686,chutney
-4.110942744104762,0.3007462840419197,dried rice noodles
-4.324990994030329,-0.34128555517767944,canned chicken breast
-4.241027531141439,-0.5103792505487608,italian eggplant
-4.241027531141439,-0.5103792505487608,Sicilian olives
-2.755154667184695,1.8483247871226538,mint sprigs
-2.6068622499988985,-1.3803461534093004,peasant bread
-3.738964167369143,-0.19915117263090373,baking mix
-3.738964167369143,-0.19915117263090373,poultry seasoning
-3.7340452767977235,-1.6259669997024158,ziti
-3.5418616317857157,-1.2059972349948562,navel oranges
-4.295177035293362,-0.3590099712837894,ginger ale
-3.6291691856608175,-0.9564254355654517,tandoori spices
-3.6291691856608175,-0.9564254355654517,methi
-3.6291691856608175,-0.9564254355654517,curds
-4.4530640543858775,1.1215254872226827,regular soy sauce
-4.4530640543858775,1.1215254872226827,beef rump
-4.367519528027635,-0.5055776067996502,Kraft Grated Parmesan Cheese
-3.5057015559586615,-0.7920774395597986,peas
-4.373124831684928,-0.4717408146242048,stevia
-4.373124831684928,-0.4717408146242048,liquid aminos
-2.644400268977598,-0.326976534103571,brown lentils
-3.704604158255075,-0.11271479064455572,bone-in chicken breast halves
-1.431198174162334,-0.2158034015643029,smoked sausage
-2.697367012225529,1.360780263244527,dried minced onion
-3.943301435680774,0.032559913641301216,sliced ham
-4.580804330422173,-0.8471290891345821,light tuna
-4.580804330422173,-0.8471290891345821,Nioise olives
-3.160588018688709,-1.044633217359122,garnish
-3.160588018688709,-1.044633217359122,dried navy beans
-3.160588018688709,-1.044633217359122,wheat berries
-3.160588018688709,-1.044633217359122,parsley sprigs
-3.8748637870951828,-1.336919251242532,polenta prepar
-2.250091927147587,-2.93253110972716,all purpose unbleached flour
-4.289388862329498,-1.089762523878853,roasted chestnuts
-3.986241228719124,-0.05801909877356349,hash brown
-2.6539382233752145,-0.5142646451729456,stewed tomatoes
-4.336402084779504,-0.9329015610535352,light corn syrup
-4.856145421313682,-0.507594200578659,candy
-4.856145421313682,-0.507594200578659,food paste color
1.6267144401023028,-0.9090288787520383,dried parsley
-4.405737909764976,0.31475791370699835,varnish clams
-3.9764025260269387,0.6520748939022749,miso
-3.821050499038038,-0.5597958890392802,asafoetida powder
-3.821050499038038,-0.5597958890392802,ravva
-2.1616057440125855,1.6371571404971899,low-fat coconut milk
-3.4393350691821696,0.8468686774107821,Thai red curry paste
-3.640530980491752,2.1300106521438096,chinese hot mustard
-3.640530980491752,2.1300106521438096,steamer
-3.640530980491752,2.1300106521438096,soy marinade
-0.8597329056297534,0.08212645279241293,fish
-2.0425587925090563,0.4682274852797768,asafetida
-3.9688954889614148,-0.9865381460813756,rigatoni
-4.475620385738956,-0.935532015882,pancetta
-3.987806180223068,-1.004566452312804,whole wheat fettuccine
-2.593181524515181,-1.3885389224361486,ground sirloin
-3.2337976538173083,-1.6441663541692058,castellane
-4.128811852151324,-0.7990809312196089,hot Italian sausages
-2.5341720581485685,-0.28881239968515093,french rolls
-3.8690200484675303,-0.8442685547161815,jumbo pasta shells
-4.513696802722248,-0.4867226130411134,rib roast
-4.5561505441896655,-0.5557731228560626,gluten free blend
-4.305079379968374,-0.6960196781881669,bone in skinless chicken thigh
-4.033788876794268,0.22904422129061094,Mexican seasoning mix
-4.033788876794268,0.22904422129061094,light cream cheese
-3.6235521634043835,-1.904626692016709,egg substitute
-3.7236845519431188,-0.7928621312842572,shiitake mushroom caps
-1.9972405353807459,0.3620368883162667,beef brisket
-4.720892816456759,-0.10904888223088947,mini chocolate chips
-4.720892816456759,-0.10904888223088947,mini marshmallows
-3.896935492694275,-1.3873993035924492,balsamic vinaigrette
-3.953398841831021,0.9018542646243237,pepper sauce
-3.1754010517971545,1.1964746674798143,greek style plain yogurt
-3.953398841831021,0.9018542646243237,asadero
-3.866917094633182,-0.6809024799536487,mild curry powder
-3.866917094633182,-0.6809024799536487,beef stew
-4.17021934415022,-0.0459317539492559,pickling spices
-3.8506633820512057,0.5532480696512788,teriyaki sauce
-3.2620034530850526,1.200846636024756,ramen noodles
-3.7952143581847757,-0.3099284289007602,petite peas
-4.252154351923799,-0.7624704522431928,glaze
-4.120169748058856,-0.5941554030085408,chicken meat
-4.185502909673525,-0.17326602830671248,waxy potatoes
-4.40195012456663,-0.9441515240939536,flour for dusting
-3.6522613602608223,-1.8860586460604847,white mushrooms
-1.9474759420143504,-2.973195317544958,fresh peas
-2.055824953568908,-3.294205270841468,bow-tie pasta
-3.638959075635112,-0.10904019894878449,seedless green grape
-3.638959075635112,-0.10904019894878449,country white bread
-3.606576956476666,1.421153220041502,green leaf lettuce
-1.4319553276326487,5.29995603132218,rice vermicelli
-4.480831475075596,0.0924033231145742,flaked coconut
-4.315298703740021,-1.1468996704891419,leaf parsley
-4.248851410725254,-0.5828435203302916,garlic pepper seasoning
-2.9119751017795714,0.060463864334085834,pinto beans
-3.7548985633992147,-0.20645315579627097,fresh tomato salsa
-3.781796982028814,-1.216706254099564,Greek feta
-2.7485994873840847,-1.6546443098741699,nectarines
-4.216942656828108,-1.0537064385781565,"roast red peppers, drain"
-3.8899611300531176,-0.6742732063441437,pitted prunes
-4.241847755341003,0.041639744158215926,medium egg noodles
-4.241847755341003,0.041639744158215926,stir fry vegetable blend
-3.3442666838132777,0.0011793661638122821,Madras curry powder
-1.6604738194265234,-0.07330812484408043,chicken pieces
-3.9429187209193066,-0.40342195367445316,chips
-3.4563665079194954,-1.4850928584771916,low-fat cottage cheese
-3.4563665079194954,-1.4850928584771916,whole wheat lasagna noodles
-1.9631496558139274,-2.2585642521513867,shredded parmesan cheese
-4.057664826929963,-0.08711903047646481,frozen corn kernels
-4.310293048615629,-0.3167438846522855,butter crackers
-4.310293048615629,-0.3167438846522855,round sourdough bread
-3.776922944558734,-1.3165359683420634,toasted almonds
-3.776922944558734,-1.3165359683420634,red currant jelly
-3.776922944558734,-1.3165359683420634,amaretto
-4.639738543292878,-0.4709191321461146,spring mix
-4.639738543292878,-0.4709191321461146,burgers
-3.0697947124098146,-2.106752287506358,dried fig
-2.6827463201779795,-2.324398980865548,soft goat's cheese
-3.9289502768617823,-1.2747668636666099,whole wheat english muffins
-3.9199358430385938,0.4550088714100095,fresh green bean
-3.967298501676946,-1.3104463292075312,brewed coffee
-3.8766946753174567,-1.4146457411973878,sea salt flakes
-3.213964131494911,-1.2927982590308456,apricots
-3.8766946753174567,-1.4146457411973878,base
-3.8766946753174567,-1.4146457411973878,tart
-4.172932073141279,-0.2598919511654129,grappa
-3.9206387552957085,-0.8071618619175517,corn grits
-4.483404765242139,-0.8170101024140933,roquefort
-2.7731084939697843,-1.930576313085015,wine
-4.278066036502804,0.12930397241809424,beef tenderloin
-1.3903192443391983,3.3130767410988424,marinade
-3.992739155344183,-0.11482241320159768,sirloin tip
-3.8904848841535067,-0.03858479858065992,rutabaga
-3.8904848841535067,-0.03858479858065992,lamb leg
-3.8904848841535067,-0.03858479858065992,quick-cooking barley
-2.1953372749251425,0.847543960527445,green cabbage
-1.18009967342148,-0.9473773548219171,whole wheat tortillas
-3.4113317640069503,-0.1480171533564339,nutritional yeast
-3.4113317640069503,-0.1480171533564339,low-fat soy milk
-4.804173265130037,-0.5157210718588369,marmite
-4.804173265130037,-0.5157210718588369,bagels
-3.647947015093841,-0.6527408206983052,chicken bouillon granules
-4.050133095537491,-1.1345729371056668,dry yeast
-3.6999658044251746,-0.7213249738432267,field peas
-4.4351795220833985,-0.3761235838753044,amaretti
-4.4351795220833985,-0.3761235838753044,frozen strawberries
-4.445695035629112,0.5278369085891601,fino sherry
-4.058136221587125,-1.286917622451767,Maggi
-3.99254161377956,-0.9428987944018721,Alfredo sauce
-3.582701512715389,-0.17706520311628227,whole grain mustard
-3.582701512715389,-0.17706520311628227,corned beef
-3.801461113647566,-0.37302287064118195,jack
-3.801461113647566,-0.37302287064118195,Hatch Green Chiles
-3.598772250286576,-1.8254649682557182,morel
-3.5173042948717836,-0.8416966649452982,"red bell pepper, sliced"
-3.5173042948717836,-0.8416966649452982,snappers
-4.0738619289517874,-0.995718473008466,1% low-fat cottage cheese
-3.597909183820384,-0.21736741349385194,fresh sage
-1.9171711988115925,-0.13414913947129278,cotija
-4.31510938498791,-0.06228314860736914,dry coconut
-4.051898849357097,-0.8137693209648853,English muffins
-3.947605194200323,1.572615824781361,hot pepper
-3.759168178755797,-0.4345887175651767,diced green chilies
-3.4617405190838846,-0.24643523347235674,chili beans
-3.4617405190838846,-0.24643523347235674,tenderloin
-3.227592937615857,-0.28170984994688075,rotisserie chicken
-4.305455252967721,-0.4548253000574186,beaten eggs
-4.305455252967721,-0.4548253000574186,crackers
-2.179640679143236,1.180415222359456,broccoli florets
-3.50679396998657,0.9643960479538077,veggies
-2.3140554090467687,-1.9196944984421918,crystallized ginger
-4.100938409472569,-0.6109546756161964,quatre pices
-4.564843693827319,-0.1719655988387766,raw honey
-4.564843693827319,-0.1719655988387766,sweetener
-3.9971365092335596,-0.761174853569722,old-fashioned oats
-3.0000453032311936,-1.594605078025796,parmigiano-reggiano cheese
-4.067290475335184,1.1886906777156196,gluten free soy sauce
-3.664316148983813,-1.4533873416798626,toasted walnuts
-3.9380815454361042,-0.4221998113263592,acorn squash
-4.323580173180009,-0.9413817574644169,fine salt
-4.323580173180009,-0.9413817574644169,snails
-4.165806334547945,-0.6832599129235163,clarified butter
-3.5048614752508436,-1.9423158052196392,baby beets
-3.5048614752508436,-1.9423158052196392,salad dressing
-3.8701049044343927,0.5156098976433038,shrimp paste
-3.8297851268132628,-0.9643762714473161,white beans
-1.415064215892239,0.43358975945500855,seeds
-3.823526898201868,-0.34393953044668885,cream of mushroom soup
-3.823526898201868,-0.34393953044668885,long grain and wild rice mix
-4.00757014962765,-0.45680903286830704,smoked turkey
-3.3789903321668753,-0.46311461289753025,turkey legs
-2.873156785672726,0.6330091323892332,cornbread
-2.873156785672726,0.6330091323892332,ground chuck
-2.873156785672726,0.6330091323892332,onion soup
-2.873156785672726,0.6330091323892332,whole wheat bread toasted
-2.873156785672726,0.6330091323892332,sage
-3.6096293642156385,0.5456385971231948,lamb chops
-4.334975334073346,-0.24925253706588454,Jell-O Gelatin Dessert
-3.7333153481641173,-1.2685060323989215,romana
-4.132862564116853,0.12986442573905416,squid
-3.9588080993705757,0.3481126329967213,seafood stock
-4.23428003742945,0.055268602744061264,apple juice
-3.591039881158936,-1.072511383140462,elbow macaroni
-3.285802237856255,-0.6146709185819119,fully cooked ham
-4.146646501249061,-0.4539398016085012,white cheddar cheese
-3.81674961648184,-1.0040553893163089,gravy
-3.81674961648184,-1.0040553893163089,seasoned flour
-4.4375565141668325,0.32202136609298143,mandarin orange segments
-3.5156934664075217,-2.1134455792758593,dark molasses
-3.4503551775597705,0.30323419346006797,scotch bonnet chile
-3.4503551775597705,0.30323419346006797,light coconut milk
-3.4503551775597705,0.30323419346006797,canned chopped tomatoes
-4.1320268046666415,-0.0491891430782946,serrano peppers
-3.6287156498923485,-0.5615267634107032,meat
-3.9349643109875108,-0.5641657956134123,lean ground turkey
-4.126942915308225,0.37486506090504107,ladyfingers
-4.126942915308225,0.37486506090504107,reduced fat cream cheese
-4.126942915308225,0.37486506090504107,whipped topping
-3.527752207349431,-1.3292276550283224,unsweetened chocolate
-3.9112413305140254,1.7219916599537202,asian basil
-3.9112413305140254,1.7219916599537202,Vietnamese coriander
-3.9112413305140254,1.7219916599537202,perilla
-4.067286445410626,0.9515132258133129,chile bean paste
-4.146138452124798,-0.8263113478079187,dates
-2.9129108379172353,-0.03394872548674267,anise seed
-3.4815898119395294,-0.5679297084159723,homemade chicken stock
-3.4815898119395294,-0.5679297084159723,hot curry powder
-3.684227322936622,-1.2347683419496236,Grand Marnier
-3.684227322936622,-1.2347683419496236,pastry cream
-3.684227322936622,-1.2347683419496236,cognac
-4.211470039528603,-0.5999726351808821,shortbread cookies
-4.211470039528603,-0.5999726351808821,fromage blanc
-4.211470039528603,-0.5999726351808821,red raspberries
-4.211470039528603,-0.5999726351808821,green tea powder
-3.319158745392596,0.02457829407479182,Hurst Family Harvest Chipotle Lime Black Bean Soup mix
-3.319158745392596,0.02457829407479182,gluten free cooking spray
-3.319158745392596,0.02457829407479182,gluten free corn tortillas
-3.319158745392596,0.02457829407479182,chipotle puree
-3.7888343299254417,-0.2175503615198297,fresh turmeric
-3.7888343299254417,-0.2175503615198297,white peppercorns
-4.104330976489353,-0.4004717938830379,white cabbage
-3.884266465972942,-0.7413527287194303,rye
-3.884266465972942,-0.7413527287194303,wheels
-4.708692547328615,-0.7779562001007722,cola soft drink
-3.3632409773330827,-0.7734740142607686,Mexican oregano
-3.496522966350098,-0.637671773425343,cottage cheese
-4.181581612017737,-0.5270778058961066,tahini paste
-3.1036335244482753,-1.387752224202265,green olives
-3.363593054494134,-2.0068461125394386,salad leaves
-3.363593054494134,-2.0068461125394386,scallops
-3.363593054494134,-2.0068461125394386,garden peas
-3.363593054494134,-2.0068461125394386,maldon sea salt
-3.363593054494134,-2.0068461125394386,bacon rind
-3.363593054494134,-2.0068461125394386,runny honey
-4.518655295128207,-1.0823560448908363,frozen broccoli
-2.786651988553196,0.03516332890074677,fresh curry leaves
-3.3215016759459783,-1.1235377010922944,dill weed
-4.472853870124606,-0.8104311115972086,stone-ground cornmeal
-3.9522263679330605,-1.2739692442925883,nonfat ricotta cheese
-4.3651174320970005,-0.22345589190871512,orange peel
-4.3651174320970005,-0.22345589190871512,beets
-4.928459436063051,-0.41908929277369183,pork baby back ribs
-4.928459436063051,-0.41908929277369183,spiced rum
-4.928459436063051,-0.41908929277369183,jerk seasoning
-4.928459436063051,-0.41908929277369183,bbq sauce
-0.8792866679358596,-1.0086185174259958,mexican chocolate
-4.211860712119792,-1.0428023863234905,shells
-3.9863181108699783,-1.4146630507285092,reduced-fat cheese
-3.9863181108699783,-1.4146630507285092,cornflake cereal
-3.989973534444063,-0.5266644950731675,frozen orange juice concentrate
-3.989973534444063,-0.5266644950731675,cherries
-3.989973534444063,-0.5266644950731675,achiote paste
-4.096058324479085,0.09077522422441994,tilapia
-4.155830595328294,-0.932694440963784,poblano chilies
-4.391415214915051,-1.048751254296453,vanilla sugar
-4.241082397032398,-0.785773645877066,garlic juice
-4.241082397032398,-0.785773645877066,turkey
-3.691866341736254,-1.0906385752173564,fresh lima beans
-1.1034417816747446,1.16929695539648,cilantro sprigs
-3.9179170450703307,-0.8493928075854716,crusty sandwich rolls
-2.9825094969107098,-0.7852622166398112,tilapia fillets
-3.1808234409869938,-0.9745475167018585,dry pasta
-2.3690341009964584,-1.064213725829474,sweet italian sausage
-3.859873234500325,1.3230764236961292,oyster mushrooms
-3.706124862508091,0.6417347909090202,fat-trimmed beef flank steak
-3.706124862508091,0.6417347909090202,salad oil
-4.527789256759864,-0.3508283296740212,prosecco
-4.553320106247321,-0.8855765676206487,bread dough
-2.6714613484426395,-1.1215675333182487,cooked turkey
-3.4093736935414842,-0.9331777882557596,leftover gravy
-3.4093736935414842,-0.9331777882557596,mashed potatoes
-3.4093736935414842,-0.9331777882557596,turkey broth
-3.921833354534476,-0.8479422892481397,baby lima beans
-3.966357529795054,2.2170899625696303,firm silken tofu
-3.966357529795054,2.2170899625696303,chinkiang vinegar
-3.966357529795054,2.2170899625696303,japanese eggplants
-3.659240284948764,-0.9326976264285904,fresca
-3.659240284948764,-0.9326976264285904,relish
-3.659240284948764,-0.9326976264285904,slaw
-4.523959509337116,-0.9068308255204097,whipped cream
-4.523959509337116,-0.9068308255204097,hot cocoa mix
-3.863632504673976,-1.1347179025528478,abbamele
-3.863632504673976,-1.1347179025528478,wild mushrooms
-3.863632504673976,-1.1347179025528478,fregola
-3.7115180942634702,-1.6201859735448643,light mayonnaise
-3.321327617382347,-1.8911846128962784,mushroom caps
-3.953631002453259,-1.4046325595886304,pinot grigio
-3.5579332917942437,0.4085490297544524,sablefish
-4.303710128085282,-1.347566504774379,liquid egg substitute
-4.303710128085282,-1.347566504774379,chocolate candy bars
-3.9052436592566444,-0.007012724777828532,dry roasted peanuts
-3.9052436592566444,-0.007012724777828532,pineapple
-3.734184419383053,0.18474627337903107,msg
-3.734184419383053,0.18474627337903107,gai lan
-3.6601088347577573,-0.18769161912238214,fresh chile
-3.6601088347577573,-0.18769161912238214,lite coconut milk
-4.072294902057488,-1.4219035462673744,pitted date
-4.072294902057488,-1.4219035462673744,golden syrup
-4.072294902057488,-1.4219035462673744,self-rising cake flour
-4.258731642062373,-0.356418343933908,pigeon peas
-4.013212565666807,0.1021976868007021,sushi rice
-2.6761105948955004,0.34588885317684687,paneer
-3.483048846139447,-0.07231724164267211,gram flour
-3.483048846139447,-0.07231724164267211,soda
-3.483048846139447,-0.07231724164267211,chaat masala
-4.321269968027237,-0.9658734078190457,whole snapper
-3.9848054795287817,0.2849753655914658,sauerkraut
-3.9972631972678956,-1.0201737364019623,banana peppers
-3.664506076484829,-0.24112888617421557,boneless beef roast
-3.8761151561242375,-1.4636580065056544,boneless chicken breast halves
-3.8761151561242375,-1.4636580065056544,peach preserves
-4.137767492379953,-0.877817934704721,lamb loin chops
-3.912216650831693,0.583995924376597,sesame
-3.912216650831693,0.583995924376597,boneless pork shoulder
-3.912216650831693,0.583995924376597,soft-boiled egg
-3.912216650831693,0.583995924376597,Equal Sweetener
-3.4289139699481908,-0.9033796646471788,lemon rind
-4.057980688306611,-1.0115307499786186,fresh ham
-1.7325412191956677,-0.22885191242125275,pasilla chiles
-3.311402564555538,0.13161242293852773,pumpkin seeds
-1.7325412191956677,-0.22885191242125275,mulato chiles
-2.012748067381567,-3.0792804654836097,truffle oil
-4.509424940685068,-0.7702113445988258,veal scallopini
-3.4748387094410282,0.17608650851192034,poppy seeds
-3.4748387094410282,0.17608650851192034,blanched almonds
-3.4748387094410282,0.17608650851192034,raw cashews
-4.570221062091403,-0.3132393730245506,gluten free all purpose flour
-4.570221062091403,-0.3132393730245506,xanthan gum
-3.535229144756066,-1.2403237068879642,cake
-3.535229144756066,-1.2403237068879642,icing
-3.535229144756066,-1.2403237068879642,yeast
-4.14016931523684,-1.1490675849652425,bread yeast
-4.262919389275141,-0.5821240327811892,vegan parmesan cheese
-4.46982544762642,-0.5243070017082291,biscuit baking mix
-4.246477251511741,-0.8162858471380421,ahi
-4.658811188899205,-0.4890359856974404,whole cranberry sauce
-4.441654403495209,-0.5796303508550339,rose water
-3.900395509381427,0.20166125354824996,lotus roots
-3.900395509381427,0.20166125354824996,ginger root
-3.6034009149948916,-0.13648838588512618,taco shells
-3.9609071156466342,-0.10435519938807221,colby jack cheese
-3.5818952032082523,-1.4716745154065507,anjou pears
-3.6610682397113816,0.18493304105156388,dried sage
-3.6610682397113816,0.18493304105156388,lamb stew meat
-3.9373950228341643,0.7680710704785938,yardlong beans
-4.72720396736613,0.07067739386372865,frozen banana
-4.72720396736613,0.07067739386372865,pure acai puree
-3.4770036249719105,1.845749111858731,almond butter
-3.7049849271581974,-0.7611025075667907,sausage links
-4.820461236807175,-0.49449925399803313,chambord
-4.820461236807175,-0.49449925399803313,champagne
-4.114816105881224,-1.0762241532960743,curly endive
-4.365236337963274,-0.0732397895407993,Campbell's Condensed Cream of Chicken Soup
-4.365236337963274,-0.0732397895407993,Pace Picante Sauce
-2.2636317976346256,-2.012529808432092,rosemary
-3.395461188351058,-1.1953173075531234,lavender buds
-3.395461188351058,-1.1953173075531234,apricot halves
-2.8185417314489274,-0.9604138295209734,diced tomatoes in juice
-4.553013767334513,-0.1407106970130275,plums
-3.8458343661055356,-0.28181415338052274,stewing beef
-4.348323255008827,-0.5725739888907875,italian salad dressing
-4.348323255008827,-0.5725739888907875,short pasta
-4.236290582133944,-0.34479479104084015,pie dough
-4.41982473933489,-1.0128698858722918,lemon wedge
-4.41982473933489,-1.0128698858722918,porterhouse steaks
-4.171835376766884,-0.6456564124313671,dried tarragon leaves
-3.743391085152142,-0.21021615177859376,gooseberries
-4.489120542233767,-0.4086303498501738,fiber one
-4.39890012015581,-0.44624391595843915,vanilla cream
-4.39890012015581,-0.44624391595843915,vanilla wafers
-4.562762634531844,-0.07847672035911588,green tea
-4.288043183220828,-0.1500205630422508,lime rind
-4.288043183220828,-0.1500205630422508,reduced fat creamy peanut butter
-4.4781564163120855,-0.41387261982900825,taco toppings
-4.4781564163120855,-0.41387261982900825,rotel tomatoes
-4.4781564163120855,-0.41387261982900825,flat iron steaks
-3.5854622745696103,1.3933322846630465,roasted sesame seeds
-3.973844644894857,-0.6682392660921042,turkey hot dogs
-3.973844644894857,-0.6682392660921042,dill pickles
-4.131923692450955,-0.6048679497389602,tripe
-4.445973556538407,-0.9886424750099531,coffee granules
-3.469246485083613,-1.212890403098469,plain low-fat yogurt
-4.067780233680139,-0.6841927582424687,baby portobello mushrooms
-4.239067020686299,-1.1871645687557624,chanterelle
-3.8826512895673444,-0.019812043199518667,dried pinto beans
-3.898599234675442,-0.49924526061186064,ground chipotle chile pepper
-4.523994161908687,-0.6926466739616105,blue corn tortilla chips
-4.023601177837761,-0.3229543009996957,veget soup mix
-3.7693059518026577,-1.523362116888992,dark corn syrup
-4.118424967425269,-0.6549259820318664,white peaches
-3.2568012716039587,-0.7422037686917352,pork lard
-3.2568012716039587,-0.7422037686917352,whole almonds
-3.59778285592958,-0.23720045287902464,ground paprika
-3.3067504177288534,-0.5162112189297179,ground almonds
-4.001845534981581,-0.5737923368255974,marjoram
-4.380545125463026,-0.8186984421219369,orecchiette
-3.8273699393237495,-1.5855896940959677,corn bread
-4.263868257666602,-0.5769293101270488,pepper jack
-3.8787793305882605,0.579867341003119,baby corn
-3.5437536055368524,2.0333536329788298,bibb lettuce
-3.703833226247396,-1.1989519342109212,cornichons
-3.703833226247396,-1.1989519342109212,streaky bacon
-3.703833226247396,-1.1989519342109212,brioche bread
-3.703833226247396,-1.1989519342109212,lardons
-3.7610621172211394,-0.5206505905201961,peeled deveined shrimp
-4.3797600926938,-0.4693723053802023,lillet
-4.3797600926938,-0.4693723053802023,soda water
-4.025801705470531,-0.596673646490488,tiger prawn
-4.544630178763101,-0.6607501993826483,walnut halves
-4.544630178763101,-0.6607501993826483,orange flower water
-3.889893498066486,-1.375258932926281,and fat free half half
-3.889893498066486,-1.375258932926281,condensed chicken broth
-3.984873975341706,-0.3946320739745912,caraway seeds
-4.38770750185144,-0.8054981962172748,pastry shell
-3.6653839818640517,-1.8110130686217771,unsalted chicken stock
-3.6653839818640517,-1.8110130686217771,extra lean ground beef
-4.214715902235022,0.15977194879941978,yellow curry paste
-4.3522092371335335,-1.035795976907847,glace cherries
-4.3522092371335335,-1.035795976907847,raspberry jam
-4.3522092371335335,-1.035795976907847,silver dragees
-4.3522092371335335,-1.035795976907847,frozen raspberries
-4.3522092371335335,-1.035795976907847,sponge cake
-4.3522092371335335,-1.035795976907847,sweet sherry
-4.3522092371335335,-1.035795976907847,vanilla pods
-4.406950488249495,-0.9116177131276291,pizza shells
-4.23405899539287,-0.6544826822974406,xuxu
-4.801602529891018,-0.5688843664259897,"frozen mixed thawed vegetables,"
-4.801602529891018,-0.5688843664259897,ragu old world style pasta sauc
-4.801602529891018,-0.5688843664259897,loosely packed fresh basil leaves
-3.588790970073922,-0.14613627718418853,green lentil
-3.7570504532345925,-1.7057565584718057,whole wheat spaghetti
-3.5391470683292936,-0.5368969690289019,triple sec
-4.084150179909364,-1.327934058368815,pear tomatoes
-4.084150179909364,-1.327934058368815,gaeta olives
-4.084150179909364,-1.327934058368815,turbot
-4.510304414917029,0.46995708290623717,medium-grain rice
-4.243117645128692,-0.8126411929516014,fresh oregano leaves
